"","SNP","effect_allele.exposure","other_allele.exposure","effect_allele.outcome","other_allele.outcome","beta.exposure","beta.outcome","eaf.exposure","eaf.outcome","remove","palindromic","ambiguous","id.outcome","se.outcome","samplesize.outcome","ncase.outcome","ncontrol.outcome","pval.outcome","units.outcome","outcome","consortium.outcome","year.outcome","pmid.outcome","category.outcome","subcategory.outcome","originalname.outcome","outcome.deprecated","mr_keep.outcome","data_source.outcome","proxy.outcome","target_snp.outcome","proxy_snp.outcome","target_a1.outcome","target_a2.outcome","proxy_a1.outcome","proxy_a2.outcome","id.exposure","se.exposure","pval.exposure","samplesize.exposure","ncase.exposure","ncontrol.exposure","units.exposure","exposure","pval_origin.exposure","data_source.exposure","mr_keep.exposure","action","mr_keep"
"1","rs1000423","T","C","T","C",0.0178076,0.040272,0.735404,0.66744,FALSE,FALSE,FALSE,"7",0.0105814,184305,60801,123504,0.0001413,"log odds","Coronary heart disease || id:7","CARDIoGRAMplusC4D",2015,26343387,"Disease","Cardiovascular","Coronary heart disease","Coronary heart disease || CARDIoGRAMplusC4D || 2015",TRUE,"mrbase",NA,NA,NA,NA,NA,NA,NA,"UKB-a:360",0.00278823,1.69745e-10,317754,0,0,"NA","Systolic blood pressure  automated reading || id:UKB-a:360","reported","mrbase",TRUE,"2",TRUE
"2","rs10029530","T","A","T","A",-0.0190254,-0.047343,0.658635,0.615242,FALSE,TRUE,FALSE,"7",0.0095223,184305,60801,123504,6.63e-07,"log odds","Coronary heart disease || id:7","CARDIoGRAMplusC4D",2015,26343387,"Disease","Cardiovascular","Coronary heart disease","Coronary heart disease || CARDIoGRAMplusC4D || 2015",TRUE,"mrbase",NA,NA,NA,NA,NA,NA,NA,"UKB-a:360",0.00259738,2.39715e-13,317754,0,0,"NA","Systolic blood pressure  automated reading || id:UKB-a:360","reported","mrbase",TRUE,"2",TRUE
"3","rs10048404","T","C","T","C",-0.0149289,-0.019163,0.366917,0.365773,FALSE,FALSE,FALSE,"7",0.0099786,184305,60801,123504,0.054805,"log odds","Coronary heart disease || id:7","CARDIoGRAMplusC4D",2015,26343387,"Disease","Cardiovascular","Coronary heart disease","Coronary heart disease || CARDIoGRAMplusC4D || 2015",TRUE,"mrbase",NA,NA,NA,NA,NA,NA,NA,"UKB-a:360",0.00254738,4.61959e-09,317754,0,0,"NA","Systolic blood pressure  automated reading || id:UKB-a:360","reported","mrbase",TRUE,"2",TRUE
"4","rs10269774","A","G","A","G",-0.0207764,-0.024576,0.323543,0.307821,FALSE,FALSE,FALSE,"7",0.0102447,184305,60801,123504,0.0164443,"log odds","Coronary heart disease || id:7","CARDIoGRAMplusC4D",2015,26343387,"Disease","Cardiovascular","Coronary heart disease","Coronary heart disease || CARDIoGRAMplusC4D || 2015",TRUE,"mrbase",NA,NA,NA,NA,NA,NA,NA,"UKB-a:360",0.00263065,2.84715e-15,317754,0,0,"NA","Systolic blood pressure  automated reading || id:UKB-a:360","reported","mrbase",TRUE,"2",TRUE
"5","rs10409243","T","C","T","C",-0.0153575,-0.013807,0.602151,0.543802,FALSE,FALSE,FALSE,"7",0.0098982,184305,60801,123504,0.1630445,"log odds","Coronary heart disease || id:7","CARDIoGRAMplusC4D",2015,26343387,"Disease","Cardiovascular","Coronary heart disease","Coronary heart disease || CARDIoGRAMplusC4D || 2015",TRUE,"mrbase",NA,NA,NA,NA,NA,NA,NA,"UKB-a:360",0.00254436,1.58264e-09,317754,0,0,"NA","Systolic blood pressure  automated reading || id:UKB-a:360","reported","mrbase",TRUE,"2",TRUE
"6","rs1047891","A","C","A","C",-0.016124,-0.025363,0.315673,0.308849,FALSE,FALSE,FALSE,"7",0.010765,184305,60801,123504,0.01847,"log odds","Coronary heart disease || id:7","CARDIoGRAMplusC4D",2015,26343387,"Disease","Cardiovascular","Coronary heart disease","Coronary heart disease || CARDIoGRAMplusC4D || 2015",TRUE,"mrbase",NA,NA,NA,NA,NA,NA,NA,"UKB-a:360",0.00264597,1.1038e-09,317754,0,0,"NA","Systolic blood pressure  automated reading || id:UKB-a:360","reported","mrbase",TRUE,"2",TRUE
"7","rs10769253","A","G","A","G",-0.0239366,0.001708,0.176767,0.212689,FALSE,FALSE,FALSE,"7",0.0115276,184305,60801,123504,0.8822115,"log odds","Coronary heart disease || id:7","CARDIoGRAMplusC4D",2015,26343387,"Disease","Cardiovascular","Coronary heart disease","Coronary heart disease || CARDIoGRAMplusC4D || 2015",TRUE,"mrbase",NA,NA,NA,NA,NA,NA,NA,"UKB-a:360",0.00323052,1.27069e-13,317754,0,0,"NA","Systolic blood pressure  automated reading || id:UKB-a:360","reported","mrbase",TRUE,"2",TRUE
"8","rs10817007","G","T","G","T",0.022057,0.023145,0.128175,0.147216,FALSE,FALSE,FALSE,"7",0.0130701,184305,60801,123504,0.076588,"log odds","Coronary heart disease || id:7","CARDIoGRAMplusC4D",2015,26343387,"Disease","Cardiovascular","Coronary heart disease","Coronary heart disease || CARDIoGRAMplusC4D || 2015",TRUE,"mrbase",NA,NA,NA,NA,NA,NA,NA,"UKB-a:360",0.00368018,2.05643e-09,317754,0,0,"NA","Systolic blood pressure  automated reading || id:UKB-a:360","reported","mrbase",TRUE,"2",TRUE
"9","rs10853912","T","C","T","C",0.0154364,0.013915,0.399386,0.400956,FALSE,FALSE,FALSE,"7",0.0094267,184305,60801,123504,0.1399109,"log odds","Coronary heart disease || id:7","CARDIoGRAMplusC4D",2015,26343387,"Disease","Cardiovascular","Coronary heart disease","Coronary heart disease || CARDIoGRAMplusC4D || 2015",TRUE,"mrbase",NA,NA,NA,NA,NA,NA,NA,"UKB-a:360",0.00252003,9.05204e-10,317754,0,0,"NA","Systolic blood pressure  automated reading || id:UKB-a:360","reported","mrbase",TRUE,"2",TRUE
"10","rs10857147","T","A","T","A",0.0371231,0.054594,0.292191,0.269148,FALSE,TRUE,FALSE,"7",0.0109258,184305,60801,123504,5.83e-07,"log odds","Coronary heart disease || id:7","CARDIoGRAMplusC4D",2015,26343387,"Disease","Cardiovascular","Coronary heart disease","Coronary heart disease || CARDIoGRAMplusC4D || 2015",TRUE,"mrbase",NA,NA,NA,NA,NA,NA,NA,"UKB-a:360",0.00271344,1.35285e-42,317754,0,0,"NA","Systolic blood pressure  automated reading || id:UKB-a:360","reported","mrbase",TRUE,"2",TRUE
"11","rs10883543","T","G","T","G",0.0310023,-0.014673,0.887598,0.892435,FALSE,FALSE,FALSE,"7",0.0167982,184305,60801,123504,0.3823981,"log odds","Coronary heart disease || id:7","CARDIoGRAMplusC4D",2015,26343387,"Disease","Cardiovascular","Coronary heart disease","Coronary heart disease || CARDIoGRAMplusC4D || 2015",TRUE,"mrbase",NA,NA,NA,NA,NA,NA,NA,"UKB-a:360",0.00392092,2.64746e-15,317754,0,0,"NA","Systolic blood pressure  automated reading || id:UKB-a:360","reported","mrbase",TRUE,"2",TRUE
"12","rs10883948","T","G","T","G",-0.0135428,0.020718,0.503542,0.479082,FALSE,FALSE,FALSE,"7",0.0093355,184305,60801,123504,0.0264679,"log odds","Coronary heart disease || id:7","CARDIoGRAMplusC4D",2015,26343387,"Disease","Cardiovascular","Coronary heart disease","Coronary heart disease || CARDIoGRAMplusC4D || 2015",TRUE,"mrbase",NA,NA,NA,NA,NA,NA,NA,"UKB-a:360",0.00246033,3.70614e-08,317754,0,0,"NA","Systolic blood pressure  automated reading || id:UKB-a:360","reported","mrbase",TRUE,"2",TRUE
"13","rs11070245","G","T","G","T",0.0165231,-0.005005,0.530346,0.505948,FALSE,FALSE,FALSE,"7",0.0092518,184305,60801,123504,0.5885255,"log odds","Coronary heart disease || id:7","CARDIoGRAMplusC4D",2015,26343387,"Disease","Cardiovascular","Coronary heart disease","Coronary heart disease || CARDIoGRAMplusC4D || 2015",TRUE,"mrbase",NA,NA,NA,NA,NA,NA,NA,"UKB-a:360",0.00247084,2.27832e-11,317754,0,0,"NA","Systolic blood pressure  automated reading || id:UKB-a:360","reported","mrbase",TRUE,"2",TRUE
"14","rs11170386","T","C","T","C",-0.0169143,0.003517,0.2876,0.332072,FALSE,FALSE,FALSE,"7",0.0105488,184305,60801,123504,0.7388313,"log odds","Coronary heart disease || id:7","CARDIoGRAMplusC4D",2015,26343387,"Disease","Cardiovascular","Coronary heart disease","Coronary heart disease || CARDIoGRAMplusC4D || 2015",TRUE,"mrbase",NA,NA,NA,NA,NA,NA,NA,"UKB-a:360",0.00272319,5.26389e-10,317754,0,0,"NA","Systolic blood pressure  automated reading || id:UKB-a:360","reported","mrbase",TRUE,"2",TRUE
"15","rs11191580","C","T","C","T",-0.0511039,-0.073185,0.076747,0.111205,FALSE,FALSE,FALSE,"7",0.0142074,184305,60801,123504,2.59e-07,"log odds","Coronary heart disease || id:7","CARDIoGRAMplusC4D",2015,26343387,"Disease","Cardiovascular","Coronary heart disease","Coronary heart disease || CARDIoGRAMplusC4D || 2015",TRUE,"mrbase",NA,NA,NA,NA,NA,NA,NA,"UKB-a:360",0.00460809,1.41954e-28,317754,0,0,"NA","Systolic blood pressure  automated reading || id:UKB-a:360","reported","mrbase",TRUE,"2",TRUE
"16","rs11214436","T","G","T","G",-0.0154951,-0.00418,0.382494,0.423461,FALSE,FALSE,FALSE,"7",0.0094528,184305,60801,123504,0.6583464,"log odds","Coronary heart disease || id:7","CARDIoGRAMplusC4D",2015,26343387,"Disease","Cardiovascular","Coronary heart disease","Coronary heart disease || CARDIoGRAMplusC4D || 2015",TRUE,"mrbase",NA,NA,NA,NA,NA,NA,NA,"UKB-a:360",0.00253839,1.03365e-09,317754,0,0,"NA","Systolic blood pressure  automated reading || id:UKB-a:360","reported","mrbase",TRUE,"2",TRUE
"17","rs11527181","G","A","G","A",-0.0183656,0.010552,0.433889,0.386047,FALSE,FALSE,FALSE,"7",0.0096711,184305,60801,123504,0.2752368,"log odds","Coronary heart disease || id:7","CARDIoGRAMplusC4D",2015,26343387,"Disease","Cardiovascular","Coronary heart disease","Coronary heart disease || CARDIoGRAMplusC4D || 2015",TRUE,"mrbase",NA,NA,NA,NA,NA,NA,NA,"UKB-a:360",0.00248933,1.61379e-13,317754,0,0,"NA","Systolic blood pressure  automated reading || id:UKB-a:360","reported","mrbase",TRUE,"2",TRUE
"18","rs11616710","T","C","T","C",0.0261928,0.017851,0.100975,0.08607,FALSE,FALSE,FALSE,"7",0.0196008,184305,60801,123504,0.3624387,"log odds","Coronary heart disease || id:7","CARDIoGRAMplusC4D",2015,26343387,"Disease","Cardiovascular","Coronary heart disease","Coronary heart disease || CARDIoGRAMplusC4D || 2015",TRUE,"mrbase",NA,NA,NA,NA,NA,NA,NA,"UKB-a:360",0.00432434,1.38785e-09,317754,0,0,"NA","Systolic blood pressure  automated reading || id:UKB-a:360","reported","mrbase",TRUE,"2",TRUE
"19","rs11629120","C","T","C","T",0.0139846,-0.019218,0.413676,0.391638,FALSE,FALSE,FALSE,"7",0.0098004,184305,60801,123504,0.049886,"log odds","Coronary heart disease || id:7","CARDIoGRAMplusC4D",2015,26343387,"Disease","Cardiovascular","Coronary heart disease","Coronary heart disease || CARDIoGRAMplusC4D || 2015",TRUE,"mrbase",NA,NA,NA,NA,NA,NA,NA,"UKB-a:360",0.00250806,2.46475e-08,317754,0,0,"NA","Systolic blood pressure  automated reading || id:UKB-a:360","reported","mrbase",TRUE,"2",TRUE
"20","rs11641308","C","T","C","T",0.0180846,0.031103,0.653226,0.621641,FALSE,FALSE,FALSE,"7",0.0103685,184305,60801,123504,0.002702,"log odds","Coronary heart disease || id:7","CARDIoGRAMplusC4D",2015,26343387,"Disease","Cardiovascular","Coronary heart disease","Coronary heart disease || CARDIoGRAMplusC4D || 2015",TRUE,"mrbase",NA,NA,NA,NA,NA,NA,NA,"UKB-a:360",0.00261519,4.68012e-12,317754,0,0,"NA","Systolic blood pressure  automated reading || id:UKB-a:360","reported","mrbase",TRUE,"2",TRUE
"21","rs116734066","T","C","T","C",-0.0278483,0.022713,0.0925077,0.09626,FALSE,FALSE,FALSE,"7",0.0163887,184305,60801,123504,0.1657787,"log odds","Coronary heart disease || id:7","CARDIoGRAMplusC4D",2015,26343387,"Disease","Cardiovascular","Coronary heart disease","Coronary heart disease || CARDIoGRAMplusC4D || 2015",TRUE,"mrbase",NA,NA,NA,NA,NA,NA,NA,"UKB-a:360",0.00426472,6.59031e-11,317754,0,0,"NA","Systolic blood pressure  automated reading || id:UKB-a:360","reported","mrbase",TRUE,"2",TRUE
"22","rs11874","A","G","A","G",0.026548,0.049708,0.136912,0.115077,FALSE,FALSE,FALSE,"7",0.0155751,184305,60801,123504,0.0014153,"log odds","Coronary heart disease || id:7","CARDIoGRAMplusC4D",2015,26343387,"Disease","Cardiovascular","Coronary heart disease","Coronary heart disease || CARDIoGRAMplusC4D || 2015",TRUE,"mrbase",NA,NA,NA,NA,NA,NA,NA,"UKB-a:360",0.00357514,1.12437e-13,317754,0,0,"NA","Systolic blood pressure  automated reading || id:UKB-a:360","reported","mrbase",TRUE,"2",TRUE
"23","rs11874246","T","C","T","C",0.0168837,0.021929,0.293884,0.313502,FALSE,FALSE,FALSE,"7",0.0098547,184305,60801,123504,0.0260658,"log odds","Coronary heart disease || id:7","CARDIoGRAMplusC4D",2015,26343387,"Disease","Cardiovascular","Coronary heart disease","Coronary heart disease || CARDIoGRAMplusC4D || 2015",TRUE,"mrbase",NA,NA,NA,NA,NA,NA,NA,"UKB-a:360",0.00270012,4.03327e-10,317754,0,0,"NA","Systolic blood pressure  automated reading || id:UKB-a:360","reported","mrbase",TRUE,"2",TRUE
"24","rs12258967","G","C","G","C",-0.0314431,-0.025729,0.297673,0.274495,FALSE,TRUE,FALSE,"7",0.0111952,184305,60801,123504,0.0215492,"log odds","Coronary heart disease || id:7","CARDIoGRAMplusC4D",2015,26343387,"Disease","Cardiovascular","Coronary heart disease","Coronary heart disease || CARDIoGRAMplusC4D || 2015",TRUE,"mrbase",NA,NA,NA,NA,NA,NA,NA,"UKB-a:360",0.00269308,1.72541e-31,317754,0,0,"NA","Systolic blood pressure  automated reading || id:UKB-a:360","reported","mrbase",TRUE,"2",TRUE
"25","rs1229984","C","T","C","T",0.0518896,0.033254,0.977549,0.879391,FALSE,FALSE,FALSE,"7",0.0186481,184305,60801,123504,0.0745481,"log odds","Coronary heart disease || id:7","CARDIoGRAMplusC4D",2015,26343387,"Disease","Cardiovascular","Coronary heart disease","Coronary heart disease || CARDIoGRAMplusC4D || 2015",TRUE,"mrbase",NA,NA,NA,NA,NA,NA,NA,"UKB-a:360",0.00825683,3.29439e-10,317754,0,0,"NA","Systolic blood pressure  automated reading || id:UKB-a:360","reported","mrbase",TRUE,"2",TRUE
"26","rs1250259","A","T","A","T",-0.0188452,-0.033512,0.735684,0.708258,FALSE,TRUE,FALSE,"7",0.0108628,184305,60801,123504,0.0020353,"log odds","Coronary heart disease || id:7","CARDIoGRAMplusC4D",2015,26343387,"Disease","Cardiovascular","Coronary heart disease","Coronary heart disease || CARDIoGRAMplusC4D || 2015",TRUE,"mrbase",NA,NA,NA,NA,NA,NA,NA,"UKB-a:360",0.00279529,1.56728e-11,317754,0,0,"NA","Systolic blood pressure  automated reading || id:UKB-a:360","reported","mrbase",TRUE,"2",TRUE
"27","rs12656497","C","T","C","T",0.0317284,0.010999,0.596357,0.585127,FALSE,FALSE,FALSE,"7",0.0093311,184305,60801,123504,0.2385006,"log odds","Coronary heart disease || id:7","CARDIoGRAMplusC4D",2015,26343387,"Disease","Cardiovascular","Coronary heart disease","Coronary heart disease || CARDIoGRAMplusC4D || 2015",TRUE,"mrbase",NA,NA,NA,NA,NA,NA,NA,"UKB-a:360",0.00250772,1.10947e-36,317754,0,0,"NA","Systolic blood pressure  automated reading || id:UKB-a:360","reported","mrbase",TRUE,"2",TRUE
"28","rs12694861","A","G","A","G",0.0137128,-0.012764,0.604693,0.540857,FALSE,FALSE,FALSE,"7",0.0097906,184305,60801,123504,0.1923372,"log odds","Coronary heart disease || id:7","CARDIoGRAMplusC4D",2015,26343387,"Disease","Cardiovascular","Coronary heart disease","Coronary heart disease || CARDIoGRAMplusC4D || 2015",TRUE,"mrbase",NA,NA,NA,NA,NA,NA,NA,"UKB-a:360",0.00251134,4.75505e-08,317754,0,0,"NA","Systolic blood pressure  automated reading || id:UKB-a:360","reported","mrbase",TRUE,"2",TRUE
"29","rs12714414","C","T","C","T",-0.0196594,-0.042691,0.160321,0.165387,FALSE,FALSE,FALSE,"7",0.0125259,184305,60801,123504,0.0006539,"log odds","Coronary heart disease || id:7","CARDIoGRAMplusC4D",2015,26343387,"Disease","Cardiovascular","Coronary heart disease","Coronary heart disease || CARDIoGRAMplusC4D || 2015",TRUE,"mrbase",NA,NA,NA,NA,NA,NA,NA,"UKB-a:360",0.00356037,3.35937e-08,317754,0,0,"NA","Systolic blood pressure  automated reading || id:UKB-a:360","reported","mrbase",TRUE,"2",TRUE
"30","rs12967060","T","C","T","C",0.0166789,-0.001975,0.267484,0.242022,FALSE,FALSE,FALSE,"7",0.0110083,184305,60801,123504,0.8576162,"log odds","Coronary heart disease || id:7","CARDIoGRAMplusC4D",2015,26343387,"Disease","Cardiovascular","Coronary heart disease","Coronary heart disease || CARDIoGRAMplusC4D || 2015",TRUE,"mrbase",NA,NA,NA,NA,NA,NA,NA,"UKB-a:360",0.00278865,2.22033e-09,317754,0,0,"NA","Systolic blood pressure  automated reading || id:UKB-a:360","reported","mrbase",TRUE,"2",TRUE
"31","rs13016772","T","C","T","C",0.016147,0.014255,0.761577,0.724433,FALSE,FALSE,FALSE,"7",0.0106488,184305,60801,123504,0.1806844,"log odds","Coronary heart disease || id:7","CARDIoGRAMplusC4D",2015,26343387,"Disease","Cardiovascular","Coronary heart disease","Coronary heart disease || CARDIoGRAMplusC4D || 2015",TRUE,"mrbase",NA,NA,NA,NA,NA,NA,NA,"UKB-a:360",0.00289243,2.37275e-08,317754,0,0,"NA","Systolic blood pressure  automated reading || id:UKB-a:360","reported","mrbase",TRUE,"2",TRUE
"32","rs13154549","G","A","G","A",0.0304527,0.018057,0.0675832,0.073369,FALSE,FALSE,FALSE,"7",0.0182495,184305,60801,123504,0.3224414,"log odds","Coronary heart disease || id:7","CARDIoGRAMplusC4D",2015,26343387,"Disease","Cardiovascular","Coronary heart disease","Coronary heart disease || CARDIoGRAMplusC4D || 2015",TRUE,"mrbase",NA,NA,NA,NA,NA,NA,NA,"UKB-a:360",0.0049085,5.50868e-10,317754,0,0,"NA","Systolic blood pressure  automated reading || id:UKB-a:360","reported","mrbase",TRUE,"2",TRUE
"33","rs13436194","G","A","G","A",-0.0185522,-0.020555,0.425995,0.443242,FALSE,FALSE,FALSE,"7",0.0092985,184305,60801,123504,0.0270662,"log odds","Coronary heart disease || id:7","CARDIoGRAMplusC4D",2015,26343387,"Disease","Cardiovascular","Coronary heart disease","Coronary heart disease || CARDIoGRAMplusC4D || 2015",TRUE,"mrbase",NA,NA,NA,NA,NA,NA,NA,"UKB-a:360",0.00248593,8.48841e-14,317754,0,0,"NA","Systolic blood pressure  automated reading || id:UKB-a:360","reported","mrbase",TRUE,"2",TRUE
"34","rs137923903","T","C","T","C",-0.0626464,-0.036122,0.013495,0.013648,FALSE,FALSE,FALSE,"7",0.0454129,184305,60801,123504,0.4263738,"log odds","Coronary heart disease || id:7","CARDIoGRAMplusC4D",2015,26343387,"Disease","Cardiovascular","Coronary heart disease","Coronary heart disease || CARDIoGRAMplusC4D || 2015",TRUE,"mrbase",NA,NA,NA,NA,NA,NA,NA,"UKB-a:360",0.0107511,5.65001e-09,317754,0,0,"NA","Systolic blood pressure  automated reading || id:UKB-a:360","reported","mrbase",TRUE,"2",TRUE
"35","rs138110118","G","T","G","T",-0.0239016,0.025824,0.114477,0.080653,FALSE,FALSE,FALSE,"7",0.0200299,184305,60801,123504,0.1973029,"log odds","Coronary heart disease || id:7","CARDIoGRAMplusC4D",2015,26343387,"Disease","Cardiovascular","Coronary heart disease","Coronary heart disease || CARDIoGRAMplusC4D || 2015",TRUE,"mrbase",NA,NA,NA,NA,NA,NA,NA,"UKB-a:360",0.00390812,9.61305e-10,317754,0,0,"NA","Systolic blood pressure  automated reading || id:UKB-a:360","reported","mrbase",TRUE,"2",TRUE
"36","rs1436138","G","A","G","A",-0.0156605,-0.00813,0.358412,0.38393,FALSE,FALSE,FALSE,"7",0.009808,184305,60801,123504,0.4071526,"log odds","Coronary heart disease || id:7","CARDIoGRAMplusC4D",2015,26343387,"Disease","Cardiovascular","Coronary heart disease","Coronary heart disease || CARDIoGRAMplusC4D || 2015",TRUE,"mrbase",NA,NA,NA,NA,NA,NA,NA,"UKB-a:360",0.00257426,1.17723e-09,317754,0,0,"NA","Systolic blood pressure  automated reading || id:UKB-a:360","reported","mrbase",TRUE,"2",TRUE
"37","rs1438898","C","A","C","A",0.0157662,-0.025509,0.251051,0.235948,FALSE,FALSE,FALSE,"7",0.0112147,184305,60801,123504,0.0229301,"log odds","Coronary heart disease || id:7","CARDIoGRAMplusC4D",2015,26343387,"Disease","Cardiovascular","Coronary heart disease","Coronary heart disease || CARDIoGRAMplusC4D || 2015",TRUE,"mrbase",NA,NA,NA,NA,NA,NA,NA,"UKB-a:360",0.00284798,3.09826e-08,317754,0,0,"NA","Systolic blood pressure  automated reading || id:UKB-a:360","reported","mrbase",TRUE,"2",TRUE
"38","rs144356415","G","A","G","A",0.0363591,-0.07048,0.0397999,0.047548,FALSE,FALSE,FALSE,"7",0.0223143,184305,60801,123504,0.0015858,"log odds","Coronary heart disease || id:7","CARDIoGRAMplusC4D",2015,26343387,"Disease","Cardiovascular","Coronary heart disease","Coronary heart disease || CARDIoGRAMplusC4D || 2015",TRUE,"mrbase",NA,NA,NA,NA,NA,NA,NA,"UKB-a:360",0.00629046,7.47568e-09,317754,0,0,"NA","Systolic blood pressure  automated reading || id:UKB-a:360","reported","mrbase",TRUE,"2",TRUE
"39","rs1530558","C","T","C","T",-0.0226888,0.007176,0.136004,0.183063,FALSE,FALSE,FALSE,"7",0.015172,184305,60801,123504,0.6362309,"log odds","Coronary heart disease || id:7","CARDIoGRAMplusC4D",2015,26343387,"Disease","Cardiovascular","Coronary heart disease","Coronary heart disease || CARDIoGRAMplusC4D || 2015",TRUE,"mrbase",NA,NA,NA,NA,NA,NA,NA,"UKB-a:360",0.00358742,2.54317e-10,317754,0,0,"NA","Systolic blood pressure  automated reading || id:UKB-a:360","reported","mrbase",TRUE,"2",TRUE
"40","rs1543270","T","C","T","C",-0.0158613,0.022551,0.455016,0.45195,FALSE,FALSE,FALSE,"7",0.0094017,184305,60801,123504,0.0164579,"log odds","Coronary heart disease || id:7","CARDIoGRAMplusC4D",2015,26343387,"Disease","Cardiovascular","Coronary heart disease","Coronary heart disease || CARDIoGRAMplusC4D || 2015",TRUE,"mrbase",NA,NA,NA,NA,NA,NA,NA,"UKB-a:360",0.00247507,1.47239e-10,317754,0,0,"NA","Systolic blood pressure  automated reading || id:UKB-a:360","reported","mrbase",TRUE,"2",TRUE
"41","rs158172","G","A","G","A",-0.0174296,-0.02391,0.219112,0.253206,FALSE,FALSE,FALSE,"7",0.0108063,184305,60801,123504,0.0269253,"log odds","Coronary heart disease || id:7","CARDIoGRAMplusC4D",2015,26343387,"Disease","Cardiovascular","Coronary heart disease","Coronary heart disease || CARDIoGRAMplusC4D || 2015",TRUE,"mrbase",NA,NA,NA,NA,NA,NA,NA,"UKB-a:360",0.00297374,4.60034e-09,317754,0,0,"NA","Systolic blood pressure  automated reading || id:UKB-a:360","reported","mrbase",TRUE,"2",TRUE
"42","rs1644318","C","T","C","T",0.0191463,0.006682,0.384598,0.400054,FALSE,FALSE,FALSE,"7",0.0095831,184305,60801,123504,0.4856364,"log odds","Coronary heart disease || id:7","CARDIoGRAMplusC4D",2015,26343387,"Disease","Cardiovascular","Coronary heart disease","Coronary heart disease || CARDIoGRAMplusC4D || 2015",TRUE,"mrbase",NA,NA,NA,NA,NA,NA,NA,"UKB-a:360",0.00253852,4.62943e-14,317754,0,0,"NA","Systolic blood pressure  automated reading || id:UKB-a:360","reported","mrbase",TRUE,"2",TRUE
"43","rs167479","T","G","T","G",-0.0270206,-0.014632,0.470348,0.468355,FALSE,FALSE,FALSE,"7",0.0135209,184305,60801,123504,0.2791742,"log odds","Coronary heart disease || id:7","CARDIoGRAMplusC4D",2015,26343387,"Disease","Cardiovascular","Coronary heart disease","Coronary heart disease || CARDIoGRAMplusC4D || 2015",TRUE,"mrbase",NA,NA,NA,NA,NA,NA,NA,"UKB-a:360",0.00246064,4.76446e-28,317754,0,0,"NA","Systolic blood pressure  automated reading || id:UKB-a:360","reported","mrbase",TRUE,"2",TRUE
"44","rs17011002","G","C","G","C",0.0285006,0.010308,0.1407,0.141865,FALSE,TRUE,FALSE,"7",0.0130006,184305,60801,123504,0.4278431,"log odds","Coronary heart disease || id:7","CARDIoGRAMplusC4D",2015,26343387,"Disease","Cardiovascular","Coronary heart disease","Coronary heart disease || CARDIoGRAMplusC4D || 2015",TRUE,"mrbase",NA,NA,NA,NA,NA,NA,NA,"UKB-a:360",0.00355146,1.01834e-15,317754,0,0,"NA","Systolic blood pressure  automated reading || id:UKB-a:360","reported","mrbase",TRUE,"2",TRUE
"45","rs17056301","C","T","C","T",0.0187683,0.013126,0.254256,0.290602,FALSE,FALSE,FALSE,"7",0.0101784,184305,60801,123504,0.1971929,"log odds","Coronary heart disease || id:7","CARDIoGRAMplusC4D",2015,26343387,"Disease","Cardiovascular","Coronary heart disease","Coronary heart disease || CARDIoGRAMplusC4D || 2015",TRUE,"mrbase",NA,NA,NA,NA,NA,NA,NA,"UKB-a:360",0.00283266,3.46234e-11,317754,0,0,"NA","Systolic blood pressure  automated reading || id:UKB-a:360","reported","mrbase",TRUE,"2",TRUE
"46","rs17173238","G","A","G","A",0.015442,0.015444,0.28611,0.253738,FALSE,FALSE,FALSE,"7",0.0113016,184305,60801,123504,0.1717734,"log odds","Coronary heart disease || id:7","CARDIoGRAMplusC4D",2015,26343387,"Disease","Cardiovascular","Coronary heart disease","Coronary heart disease || CARDIoGRAMplusC4D || 2015",TRUE,"mrbase",NA,NA,NA,NA,NA,NA,NA,"UKB-a:360",0.0027207,1.38196e-08,317754,0,0,"NA","Systolic blood pressure  automated reading || id:UKB-a:360","reported","mrbase",TRUE,"2",TRUE
"47","rs17535443","A","G","A","G",-0.0216879,-0.042402,0.27653,0.232181,FALSE,FALSE,FALSE,"7",0.011143,184305,60801,123504,0.0001417,"log odds","Coronary heart disease || id:7","CARDIoGRAMplusC4D",2015,26343387,"Disease","Cardiovascular","Coronary heart disease","Coronary heart disease || CARDIoGRAMplusC4D || 2015",TRUE,"mrbase",NA,NA,NA,NA,NA,NA,NA,"UKB-a:360",0.00275386,3.40528e-15,317754,0,0,"NA","Systolic blood pressure  automated reading || id:UKB-a:360","reported","mrbase",TRUE,"2",TRUE
"48","rs17677603","G","A","G","A",0.0179886,0.028323,0.394587,0.372806,FALSE,FALSE,FALSE,"7",0.0096244,184305,60801,123504,0.0032523,"log odds","Coronary heart disease || id:7","CARDIoGRAMplusC4D",2015,26343387,"Disease","Cardiovascular","Coronary heart disease","Coronary heart disease || CARDIoGRAMplusC4D || 2015",TRUE,"mrbase",NA,NA,NA,NA,NA,NA,NA,"UKB-a:360",0.00252831,1.1227e-12,317754,0,0,"NA","Systolic blood pressure  automated reading || id:UKB-a:360","reported","mrbase",TRUE,"2",TRUE
"49","rs17759661","A","C","A","C",0.0176359,0.016459,0.498101,0.47182,FALSE,FALSE,FALSE,"7",0.0093018,184305,60801,123504,0.07682,"log odds","Coronary heart disease || id:7","CARDIoGRAMplusC4D",2015,26343387,"Disease","Cardiovascular","Coronary heart disease","Coronary heart disease || CARDIoGRAMplusC4D || 2015",TRUE,"mrbase",NA,NA,NA,NA,NA,NA,NA,"UKB-a:360",0.00246056,7.6575e-13,317754,0,0,"NA","Systolic blood pressure  automated reading || id:UKB-a:360","reported","mrbase",TRUE,"2",TRUE
"50","rs1779240","A","G","A","G",-0.0189313,-0.018309,0.763859,0.741997,FALSE,FALSE,FALSE,"7",0.010677,184305,60801,123504,0.0863813,"log odds","Coronary heart disease || id:7","CARDIoGRAMplusC4D",2015,26343387,"Disease","Cardiovascular","Coronary heart disease","Coronary heart disease || CARDIoGRAMplusC4D || 2015",TRUE,"mrbase",NA,NA,NA,NA,NA,NA,NA,"UKB-a:360",0.00290212,6.88907e-11,317754,0,0,"NA","Systolic blood pressure  automated reading || id:UKB-a:360","reported","mrbase",TRUE,"2",TRUE
"51","rs1813742","T","C","T","C",0.0184874,0.017332,0.588185,0.550557,FALSE,FALSE,FALSE,"7",0.009392,184305,60801,123504,0.0649782,"log odds","Coronary heart disease || id:7","CARDIoGRAMplusC4D",2015,26343387,"Disease","Cardiovascular","Coronary heart disease","Coronary heart disease || CARDIoGRAMplusC4D || 2015",TRUE,"mrbase",NA,NA,NA,NA,NA,NA,NA,"UKB-a:360",0.00249995,1.41653e-13,317754,0,0,"NA","Systolic blood pressure  automated reading || id:UKB-a:360","reported","mrbase",TRUE,"2",TRUE
"52","rs1887320","A","G","A","G",0.0189434,0.022563,0.476784,0.463936,FALSE,FALSE,FALSE,"7",0.0090845,184305,60801,123504,0.0130037,"log odds","Coronary heart disease || id:7","CARDIoGRAMplusC4D",2015,26343387,"Disease","Cardiovascular","Coronary heart disease","Coronary heart disease || CARDIoGRAMplusC4D || 2015",TRUE,"mrbase",NA,NA,NA,NA,NA,NA,NA,"UKB-a:360",0.00246586,1.56731e-14,317754,0,0,"NA","Systolic blood pressure  automated reading || id:UKB-a:360","reported","mrbase",TRUE,"2",TRUE
"53","rs1925148","G","A","G","A",-0.0139708,-0.01811,0.560365,0.554914,FALSE,FALSE,FALSE,"7",0.0095332,184305,60801,123504,0.0574749,"log odds","Coronary heart disease || id:7","CARDIoGRAMplusC4D",2015,26343387,"Disease","Cardiovascular","Coronary heart disease","Coronary heart disease || CARDIoGRAMplusC4D || 2015",TRUE,"mrbase",NA,NA,NA,NA,NA,NA,NA,"UKB-a:360",0.00248034,1.77645e-08,317754,0,0,"NA","Systolic blood pressure  automated reading || id:UKB-a:360","reported","mrbase",TRUE,"2",TRUE
"54","rs2004283","G","T","G","T",-0.0136737,-0.001921,0.578123,0.55712,FALSE,FALSE,FALSE,"7",0.0101046,184305,60801,123504,0.8492212,"log odds","Coronary heart disease || id:7","CARDIoGRAMplusC4D",2015,26343387,"Disease","Cardiovascular","Coronary heart disease","Coronary heart disease || CARDIoGRAMplusC4D || 2015",TRUE,"mrbase",NA,NA,NA,NA,NA,NA,NA,"UKB-a:360",0.00248987,3.98274e-08,317754,0,0,"NA","Systolic blood pressure  automated reading || id:UKB-a:360","reported","mrbase",TRUE,"2",TRUE
"55","rs2004776","T","C","T","C",0.0199156,0.024454,0.240432,0.276222,FALSE,FALSE,FALSE,"7",0.0102566,184305,60801,123504,0.0171157,"log odds","Coronary heart disease || id:7","CARDIoGRAMplusC4D",2015,26343387,"Disease","Cardiovascular","Coronary heart disease","Coronary heart disease || CARDIoGRAMplusC4D || 2015",TRUE,"mrbase",NA,NA,NA,NA,NA,NA,NA,"UKB-a:360",0.0028817,4.82004e-12,317754,0,0,"NA","Systolic blood pressure  automated reading || id:UKB-a:360","reported","mrbase",TRUE,"2",TRUE
"56","rs2017199","A","G","A","G",-0.0147229,0.003026,0.300988,0.271315,FALSE,FALSE,FALSE,"7",0.0106227,184305,60801,123504,0.7757504,"log odds","Coronary heart disease || id:7","CARDIoGRAMplusC4D",2015,26343387,"Disease","Cardiovascular","Coronary heart disease","Coronary heart disease || CARDIoGRAMplusC4D || 2015",TRUE,"mrbase",NA,NA,NA,NA,NA,NA,NA,"UKB-a:360",0.00269573,4.72257e-08,317754,0,0,"NA","Systolic blood pressure  automated reading || id:UKB-a:360","reported","mrbase",TRUE,"2",TRUE
"57","rs2052691","A","G","A","G",0.0189409,-0.020382,0.287854,0.251798,FALSE,FALSE,FALSE,"7",0.0112528,184305,60801,123504,0.070096,"log odds","Coronary heart disease || id:7","CARDIoGRAMplusC4D",2015,26343387,"Disease","Cardiovascular","Coronary heart disease","Coronary heart disease || CARDIoGRAMplusC4D || 2015",TRUE,"mrbase",NA,NA,NA,NA,NA,NA,NA,"UKB-a:360",0.00271718,3.15794e-12,317754,0,0,"NA","Systolic blood pressure  automated reading || id:UKB-a:360","reported","mrbase",TRUE,"2",TRUE
"58","rs2076328","T","G","T","G",-0.0140455,-0.008597,0.500298,0.425561,FALSE,FALSE,FALSE,"7",0.0103707,184305,60801,123504,0.4071212,"log odds","Coronary heart disease || id:7","CARDIoGRAMplusC4D",2015,26343387,"Disease","Cardiovascular","Coronary heart disease","Coronary heart disease || CARDIoGRAMplusC4D || 2015",TRUE,"mrbase",NA,NA,NA,NA,NA,NA,NA,"UKB-a:360",0.00246578,1.22646e-08,317754,0,0,"NA","Systolic blood pressure  automated reading || id:UKB-a:360","reported","mrbase",TRUE,"2",TRUE
"59","rs2102397","C","A","C","A",-0.0178007,0.007806,0.498839,0.447891,FALSE,FALSE,FALSE,"7",0.0101458,184305,60801,123504,0.441668,"log odds","Coronary heart disease || id:7","CARDIoGRAMplusC4D",2015,26343387,"Disease","Cardiovascular","Coronary heart disease","Coronary heart disease || CARDIoGRAMplusC4D || 2015",TRUE,"mrbase",NA,NA,NA,NA,NA,NA,NA,"UKB-a:360",0.00246434,5.08515e-13,317754,0,0,"NA","Systolic blood pressure  automated reading || id:UKB-a:360","reported","mrbase",TRUE,"2",TRUE
"60","rs210630","G","A","G","A",-0.0155289,-0.010252,0.500672,0.505425,FALSE,FALSE,FALSE,"7",0.0093159,184305,60801,123504,0.2711223,"log odds","Coronary heart disease || id:7","CARDIoGRAMplusC4D",2015,26343387,"Disease","Cardiovascular","Coronary heart disease","Coronary heart disease || CARDIoGRAMplusC4D || 2015",TRUE,"mrbase",NA,NA,NA,NA,NA,NA,NA,"UKB-a:360",0.00246218,2.84905e-10,317754,0,0,"NA","Systolic blood pressure  automated reading || id:UKB-a:360","reported","mrbase",TRUE,"2",TRUE
"61","rs2177843","T","C","T","C",0.0235752,-0.00147,0.146396,0.171736,FALSE,FALSE,FALSE,"7",0.0124998,184305,60801,123504,0.9063831,"log odds","Coronary heart disease || id:7","CARDIoGRAMplusC4D",2015,26343387,"Disease","Cardiovascular","Coronary heart disease","Coronary heart disease || CARDIoGRAMplusC4D || 2015",TRUE,"mrbase",NA,NA,NA,NA,NA,NA,NA,"UKB-a:360",0.00349606,1.55022e-11,317754,0,0,"NA","Systolic blood pressure  automated reading || id:UKB-a:360","reported","mrbase",TRUE,"2",TRUE
"62","rs2240980","G","C","G","C",0.0150024,0.010322,0.293396,0.310858,FALSE,TRUE,FALSE,"7",0.0101339,184305,60801,123504,0.3084106,"log odds","Coronary heart disease || id:7","CARDIoGRAMplusC4D",2015,26343387,"Disease","Cardiovascular","Coronary heart disease","Coronary heart disease || CARDIoGRAMplusC4D || 2015",TRUE,"mrbase",NA,NA,NA,NA,NA,NA,NA,"UKB-a:360",0.00269963,2.7434e-08,317754,0,0,"NA","Systolic blood pressure  automated reading || id:UKB-a:360","reported","mrbase",TRUE,"2",TRUE
"63","rs2249105","G","A","G","A",-0.0180332,0.003255,0.361063,0.381057,FALSE,FALSE,FALSE,"7",0.0096722,184305,60801,123504,0.7364706,"log odds","Coronary heart disease || id:7","CARDIoGRAMplusC4D",2015,26343387,"Disease","Cardiovascular","Coronary heart disease","Coronary heart disease || CARDIoGRAMplusC4D || 2015",TRUE,"mrbase",NA,NA,NA,NA,NA,NA,NA,"UKB-a:360",0.0025547,1.68259e-12,317754,0,0,"NA","Systolic blood pressure  automated reading || id:UKB-a:360","reported","mrbase",TRUE,"2",TRUE
"64","rs2274224","C","G","C","G",-0.0246636,0.023879,0.432255,0.444866,FALSE,TRUE,TRUE,"7",0.0092812,184305,60801,123504,0.0100866,"log odds","Coronary heart disease || id:7","CARDIoGRAMplusC4D",2015,26343387,"Disease","Cardiovascular","Coronary heart disease","Coronary heart disease || CARDIoGRAMplusC4D || 2015",TRUE,"mrbase",NA,NA,NA,NA,NA,NA,NA,"UKB-a:360",0.00248225,2.92572e-23,317754,0,0,"NA","Systolic blood pressure  automated reading || id:UKB-a:360","reported","mrbase",TRUE,"2",FALSE
"65","rs2288276","C","G","C","G",0.0240395,0.007145,0.89739,0.84336,FALSE,TRUE,FALSE,"7",0.0136295,184305,60801,123504,0.600119,"log odds","Coronary heart disease || id:7","CARDIoGRAMplusC4D",2015,26343387,"Disease","Cardiovascular","Coronary heart disease","Coronary heart disease || CARDIoGRAMplusC4D || 2015",TRUE,"mrbase",NA,NA,NA,NA,NA,NA,NA,"UKB-a:360",0.0040585,3.15965e-09,317754,0,0,"NA","Systolic blood pressure  automated reading || id:UKB-a:360","reported","mrbase",TRUE,"2",TRUE
"66","rs2301597","C","T","C","T",-0.0230036,0.000211,0.576399,0.522312,FALSE,FALSE,FALSE,"7",0.0093594,184305,60801,123504,0.9820138,"log odds","Coronary heart disease || id:7","CARDIoGRAMplusC4D",2015,26343387,"Disease","Cardiovascular","Coronary heart disease","Coronary heart disease || CARDIoGRAMplusC4D || 2015",TRUE,"mrbase",NA,NA,NA,NA,NA,NA,NA,"UKB-a:360",0.00249356,2.84728e-20,317754,0,0,"NA","Systolic blood pressure  automated reading || id:UKB-a:360","reported","mrbase",TRUE,"2",TRUE
"67","rs2303083","A","G","A","G",-0.0241753,-0.015849,0.194525,0.169117,FALSE,FALSE,FALSE,"7",0.0124911,184305,60801,123504,0.2045045,"log odds","Coronary heart disease || id:7","CARDIoGRAMplusC4D",2015,26343387,"Disease","Cardiovascular","Coronary heart disease","Coronary heart disease || CARDIoGRAMplusC4D || 2015",TRUE,"mrbase",NA,NA,NA,NA,NA,NA,NA,"UKB-a:360",0.00311126,7.85558e-15,317754,0,0,"NA","Systolic blood pressure  automated reading || id:UKB-a:360","reported","mrbase",TRUE,"2",TRUE
"68","rs2306526","T","C","T","C",-0.0157017,-0.00881,0.524665,0.500777,FALSE,FALSE,FALSE,"7",0.0093746,184305,60801,123504,0.3473327,"log odds","Coronary heart disease || id:7","CARDIoGRAMplusC4D",2015,26343387,"Disease","Cardiovascular","Coronary heart disease","Coronary heart disease || CARDIoGRAMplusC4D || 2015",TRUE,"mrbase",NA,NA,NA,NA,NA,NA,NA,"UKB-a:360",0.00246215,1.80563e-10,317754,0,0,"NA","Systolic blood pressure  automated reading || id:UKB-a:360","reported","mrbase",TRUE,"2",TRUE
"69","rs231708","C","G","C","G",-0.0147625,-0.003506,0.686651,0.676161,FALSE,TRUE,FALSE,"7",0.0099742,184305,60801,123504,0.7252082,"log odds","Coronary heart disease || id:7","CARDIoGRAMplusC4D",2015,26343387,"Disease","Cardiovascular","Coronary heart disease","Coronary heart disease || CARDIoGRAMplusC4D || 2015",TRUE,"mrbase",NA,NA,NA,NA,NA,NA,NA,"UKB-a:360",0.00265028,2.54694e-08,317754,0,0,"NA","Systolic blood pressure  automated reading || id:UKB-a:360","reported","mrbase",TRUE,"2",TRUE
"70","rs2379829","C","G","C","G",-0.016781,-0.015987,0.732864,0.688678,FALSE,TRUE,FALSE,"7",0.0102599,184305,60801,123504,0.1191852,"log odds","Coronary heart disease || id:7","CARDIoGRAMplusC4D",2015,26343387,"Disease","Cardiovascular","Coronary heart disease","Coronary heart disease || CARDIoGRAMplusC4D || 2015",TRUE,"mrbase",NA,NA,NA,NA,NA,NA,NA,"UKB-a:360",0.00277666,1.50905e-09,317754,0,0,"NA","Systolic blood pressure  automated reading || id:UKB-a:360","reported","mrbase",TRUE,"2",TRUE
"71","rs2423514","G","A","G","A",-0.0171119,-0.018078,0.462868,0.425119,FALSE,FALSE,FALSE,"7",0.0094637,184305,60801,123504,0.0561003,"log odds","Coronary heart disease || id:7","CARDIoGRAMplusC4D",2015,26343387,"Disease","Cardiovascular","Coronary heart disease","Coronary heart disease || CARDIoGRAMplusC4D || 2015",TRUE,"mrbase",NA,NA,NA,NA,NA,NA,NA,"UKB-a:360",0.00246339,3.75215e-12,317754,0,0,"NA","Systolic blood pressure  automated reading || id:UKB-a:360","reported","mrbase",TRUE,"2",TRUE
"72","rs2447607","T","C","T","C",0.0173542,0.021296,0.617609,0.57589,FALSE,FALSE,FALSE,"7",0.0094267,184305,60801,123504,0.0238765,"log odds","Coronary heart disease || id:7","CARDIoGRAMplusC4D",2015,26343387,"Disease","Cardiovascular","Coronary heart disease","Coronary heart disease || CARDIoGRAMplusC4D || 2015",TRUE,"mrbase",NA,NA,NA,NA,NA,NA,NA,"UKB-a:360",0.00253771,8.01499e-12,317754,0,0,"NA","Systolic blood pressure  automated reading || id:UKB-a:360","reported","mrbase",TRUE,"2",TRUE
"73","rs2469997","C","G","C","G",-0.0196041,0.001183,0.815428,0.815697,FALSE,TRUE,FALSE,"7",0.0126551,184305,60801,123504,0.9255224,"log odds","Coronary heart disease || id:7","CARDIoGRAMplusC4D",2015,26343387,"Disease","Cardiovascular","Coronary heart disease","Coronary heart disease || CARDIoGRAMplusC4D || 2015",TRUE,"mrbase",NA,NA,NA,NA,NA,NA,NA,"UKB-a:360",0.00317246,6.4395e-10,317754,0,0,"NA","Systolic blood pressure  automated reading || id:UKB-a:360","reported","mrbase",TRUE,"2",TRUE
"74","rs2472299","G","A","G","A",-0.0216685,-0.019817,0.727931,0.670028,FALSE,FALSE,FALSE,"7",0.009783,184305,60801,123504,0.0428004,"log odds","Coronary heart disease || id:7","CARDIoGRAMplusC4D",2015,26343387,"Disease","Cardiovascular","Coronary heart disease","Coronary heart disease || CARDIoGRAMplusC4D || 2015",TRUE,"mrbase",NA,NA,NA,NA,NA,NA,NA,"UKB-a:360",0.00276343,4.4772e-15,317754,0,0,"NA","Systolic blood pressure  automated reading || id:UKB-a:360","reported","mrbase",TRUE,"2",TRUE
"75","rs2493296","T","C","T","C",0.0244079,0.055956,0.137053,0.131852,FALSE,FALSE,FALSE,"7",0.0146615,184305,60801,123504,0.0001353,"log odds","Coronary heart disease || id:7","CARDIoGRAMplusC4D",2015,26343387,"Disease","Cardiovascular","Coronary heart disease","Coronary heart disease || CARDIoGRAMplusC4D || 2015",TRUE,"mrbase",NA,NA,NA,NA,NA,NA,NA,"UKB-a:360",0.00358185,9.48787e-12,317754,0,0,"NA","Systolic blood pressure  automated reading || id:UKB-a:360","reported","mrbase",TRUE,"2",TRUE
"76","rs2627316","G","A","G","A",0.0193488,0.005011,0.470869,0.397452,FALSE,FALSE,FALSE,"7",0.0099047,184305,60801,123504,0.6129112,"log odds","Coronary heart disease || id:7","CARDIoGRAMplusC4D",2015,26343387,"Disease","Cardiovascular","Coronary heart disease","Coronary heart disease || CARDIoGRAMplusC4D || 2015",TRUE,"mrbase",NA,NA,NA,NA,NA,NA,NA,"UKB-a:360",0.00246506,4.19934e-15,317754,0,0,"NA","Systolic blood pressure  automated reading || id:UKB-a:360","reported","mrbase",TRUE,"2",TRUE
"77","rs262986","A","G","A","G",-0.0137736,-0.00158,0.467816,0.492219,FALSE,FALSE,FALSE,"7",0.00943,184305,60801,123504,0.8669367,"log odds","Coronary heart disease || id:7","CARDIoGRAMplusC4D",2015,26343387,"Disease","Cardiovascular","Coronary heart disease","Coronary heart disease || CARDIoGRAMplusC4D || 2015",TRUE,"mrbase",NA,NA,NA,NA,NA,NA,NA,"UKB-a:360",0.00247683,2.68463e-08,317754,0,0,"NA","Systolic blood pressure  automated reading || id:UKB-a:360","reported","mrbase",TRUE,"2",TRUE
"78","rs2643826","T","C","T","C",0.0159963,5.6e-05,0.4525,0.438634,FALSE,FALSE,FALSE,"7",0.0096049,184305,60801,123504,0.995348,"log odds","Coronary heart disease || id:7","CARDIoGRAMplusC4D",2015,26343387,"Disease","Cardiovascular","Coronary heart disease","Coronary heart disease || CARDIoGRAMplusC4D || 2015",TRUE,"mrbase",NA,NA,NA,NA,NA,NA,NA,"UKB-a:360",0.00247743,1.07071e-10,317754,0,0,"NA","Systolic blood pressure  automated reading || id:UKB-a:360","reported","mrbase",TRUE,"2",TRUE
"79","rs268263","A","T","A","T",0.0301142,0.041832,0.75424,0.713485,FALSE,TRUE,FALSE,"7",0.010853,184305,60801,123504,0.000116,"log odds","Coronary heart disease || id:7","CARDIoGRAMplusC4D",2015,26343387,"Disease","Cardiovascular","Coronary heart disease","Coronary heart disease || CARDIoGRAMplusC4D || 2015",TRUE,"mrbase",NA,NA,NA,NA,NA,NA,NA,"UKB-a:360",0.00288142,1.46097e-25,317754,0,0,"NA","Systolic blood pressure  automated reading || id:UKB-a:360","reported","mrbase",TRUE,"2",TRUE
"80","rs2721800","C","G","C","G",-0.01812,0.000892,0.180727,0.156404,FALSE,TRUE,FALSE,"7",0.0128963,184305,60801,123504,0.9448566,"log odds","Coronary heart disease || id:7","CARDIoGRAMplusC4D",2015,26343387,"Disease","Cardiovascular","Coronary heart disease","Coronary heart disease || CARDIoGRAMplusC4D || 2015",TRUE,"mrbase",NA,NA,NA,NA,NA,NA,NA,"UKB-a:360",0.00322359,1.89929e-08,317754,0,0,"NA","Systolic blood pressure  automated reading || id:UKB-a:360","reported","mrbase",TRUE,"2",TRUE
"81","rs2782980","C","T","C","T",0.0201907,0.014939,0.721774,0.700115,FALSE,FALSE,FALSE,"7",0.010614,184305,60801,123504,0.1592858,"log odds","Coronary heart disease || id:7","CARDIoGRAMplusC4D",2015,26343387,"Disease","Cardiovascular","Coronary heart disease","Coronary heart disease || CARDIoGRAMplusC4D || 2015",TRUE,"mrbase",NA,NA,NA,NA,NA,NA,NA,"UKB-a:360",0.00274063,1.74695e-13,317754,0,0,"NA","Systolic blood pressure  automated reading || id:UKB-a:360","reported","mrbase",TRUE,"2",TRUE
"82","rs28667801","T","A","T","A",0.013983,0.021129,0.406256,0.425585,FALSE,TRUE,TRUE,"7",0.0096603,184305,60801,123504,0.0287275,"log odds","Coronary heart disease || id:7","CARDIoGRAMplusC4D",2015,26343387,"Disease","Cardiovascular","Coronary heart disease","Coronary heart disease || CARDIoGRAMplusC4D || 2015",TRUE,"mrbase",NA,NA,NA,NA,NA,NA,NA,"UKB-a:360",0.0025154,2.71622e-08,317754,0,0,"NA","Systolic blood pressure  automated reading || id:UKB-a:360","reported","mrbase",TRUE,"2",FALSE
"83","rs2892796","A","G","A","G",-0.0270037,-0.010424,0.0777034,0.084816,FALSE,FALSE,FALSE,"7",0.0167048,184305,60801,123504,0.5326192,"log odds","Coronary heart disease || id:7","CARDIoGRAMplusC4D",2015,26343387,"Disease","Cardiovascular","Coronary heart disease","Coronary heart disease || CARDIoGRAMplusC4D || 2015",TRUE,"mrbase",NA,NA,NA,NA,NA,NA,NA,"UKB-a:360",0.00460015,4.3578e-09,317754,0,0,"NA","Systolic blood pressure  automated reading || id:UKB-a:360","reported","mrbase",TRUE,"2",TRUE
"84","rs2971608","C","T","C","T",0.0208577,-0.044632,0.221343,0.222319,FALSE,FALSE,FALSE,"7",0.0111506,184305,60801,123504,6.26e-05,"log odds","Coronary heart disease || id:7","CARDIoGRAMplusC4D",2015,26343387,"Disease","Cardiovascular","Coronary heart disease","Coronary heart disease || CARDIoGRAMplusC4D || 2015",TRUE,"mrbase",NA,NA,NA,NA,NA,NA,NA,"UKB-a:360",0.00297458,2.35453e-12,317754,0,0,"NA","Systolic blood pressure  automated reading || id:UKB-a:360","reported","mrbase",TRUE,"2",TRUE
"85","rs2977334","T","G","T","G",0.0163764,0.015769,0.594551,0.547193,FALSE,FALSE,FALSE,"7",0.0092583,184305,60801,123504,0.088527,"log odds","Coronary heart disease || id:7","CARDIoGRAMplusC4D",2015,26343387,"Disease","Cardiovascular","Coronary heart disease","Coronary heart disease || CARDIoGRAMplusC4D || 2015",TRUE,"mrbase",NA,NA,NA,NA,NA,NA,NA,"UKB-a:360",0.00250833,6.64025e-11,317754,0,0,"NA","Systolic blood pressure  automated reading || id:UKB-a:360","reported","mrbase",TRUE,"2",TRUE
"86","rs3184504","C","T","C","T",-0.0214833,-0.064208,0.517816,0.578192,FALSE,FALSE,FALSE,"7",0.0105173,184305,60801,123504,1.03e-09,"log odds","Coronary heart disease || id:7","CARDIoGRAMplusC4D",2015,26343387,"Disease","Cardiovascular","Coronary heart disease","Coronary heart disease || CARDIoGRAMplusC4D || 2015",TRUE,"mrbase",NA,NA,NA,NA,NA,NA,NA,"UKB-a:360",0.00246058,2.53624e-18,317754,0,0,"NA","Systolic blood pressure  automated reading || id:UKB-a:360","reported","mrbase",TRUE,"2",TRUE
"87","rs3211995","A","G","A","G",-0.0199247,-0.006247,0.158791,0.1659,FALSE,FALSE,FALSE,"7",0.0140814,184305,60801,123504,0.6573071,"log odds","Coronary heart disease || id:7","CARDIoGRAMplusC4D",2015,26343387,"Disease","Cardiovascular","Coronary heart disease","Coronary heart disease || CARDIoGRAMplusC4D || 2015",TRUE,"mrbase",NA,NA,NA,NA,NA,NA,NA,"UKB-a:360",0.00337795,3.67269e-09,317754,0,0,"NA","Systolic blood pressure  automated reading || id:UKB-a:360","reported","mrbase",TRUE,"2",TRUE
"88","rs34727427","C","T","C","T",0.0147803,-0.005181,0.318561,0.280298,FALSE,FALSE,FALSE,"7",0.0110398,184305,60801,123504,0.6388551,"log odds","Coronary heart disease || id:7","CARDIoGRAMplusC4D",2015,26343387,"Disease","Cardiovascular","Coronary heart disease","Coronary heart disease || CARDIoGRAMplusC4D || 2015",TRUE,"mrbase",NA,NA,NA,NA,NA,NA,NA,"UKB-a:360",0.00264003,2.1638e-08,317754,0,0,"NA","Systolic blood pressure  automated reading || id:UKB-a:360","reported","mrbase",TRUE,"2",TRUE
"89","rs34896506","C","T","C","T",0.0210641,0.010393,0.176744,0.211689,FALSE,FALSE,FALSE,"7",0.0111474,184305,60801,123504,0.3511679,"log odds","Coronary heart disease || id:7","CARDIoGRAMplusC4D",2015,26343387,"Disease","Cardiovascular","Coronary heart disease","Coronary heart disease || CARDIoGRAMplusC4D || 2015",TRUE,"mrbase",NA,NA,NA,NA,NA,NA,NA,"UKB-a:360",0.00322274,6.32438e-11,317754,0,0,"NA","Systolic blood pressure  automated reading || id:UKB-a:360","reported","mrbase",TRUE,"2",TRUE
"90","rs35021474","G","C","G","C",-0.0224026,-0.00056,0.617081,0.539473,FALSE,TRUE,TRUE,"7",0.0104348,184305,60801,123504,0.9572008,"log odds","Coronary heart disease || id:7","CARDIoGRAMplusC4D",2015,26343387,"Disease","Cardiovascular","Coronary heart disease","Coronary heart disease || CARDIoGRAMplusC4D || 2015",TRUE,"mrbase",NA,NA,NA,NA,NA,NA,NA,"UKB-a:360",0.00253642,1.0298e-18,317754,0,0,"NA","Systolic blood pressure  automated reading || id:UKB-a:360","reported","mrbase",TRUE,"2",FALSE
"91","rs35224044","T","C","T","C",0.0149764,0.001998,0.584644,0.586132,FALSE,FALSE,FALSE,"7",0.0099655,184305,60801,123504,0.8410963,"log odds","Coronary heart disease || id:7","CARDIoGRAMplusC4D",2015,26343387,"Disease","Cardiovascular","Coronary heart disease","Coronary heart disease || CARDIoGRAMplusC4D || 2015",TRUE,"mrbase",NA,NA,NA,NA,NA,NA,NA,"UKB-a:360",0.00249705,2.00424e-09,317754,0,0,"NA","Systolic blood pressure  automated reading || id:UKB-a:360","reported","mrbase",TRUE,"2",TRUE
"92","rs35443","C","G","C","G",-0.0183143,0.00153,0.382529,0.388872,FALSE,TRUE,FALSE,"7",0.0095712,184305,60801,123504,0.8729956,"log odds","Coronary heart disease || id:7","CARDIoGRAMplusC4D",2015,26343387,"Disease","Cardiovascular","Coronary heart disease","Coronary heart disease || CARDIoGRAMplusC4D || 2015",TRUE,"mrbase",NA,NA,NA,NA,NA,NA,NA,"UKB-a:360",0.00252474,4.05728e-13,317754,0,0,"NA","Systolic blood pressure  automated reading || id:UKB-a:360","reported","mrbase",TRUE,"2",TRUE
"93","rs35593046","T","G","T","G",-0.0163512,-0.007255,0.269679,0.274559,FALSE,FALSE,FALSE,"7",0.010715,184305,60801,123504,0.4983519,"log odds","Coronary heart disease || id:7","CARDIoGRAMplusC4D",2015,26343387,"Disease","Cardiovascular","Coronary heart disease","Coronary heart disease || CARDIoGRAMplusC4D || 2015",TRUE,"mrbase",NA,NA,NA,NA,NA,NA,NA,"UKB-a:360",0.00281405,6.23258e-09,317754,0,0,"NA","Systolic blood pressure  automated reading || id:UKB-a:360","reported","mrbase",TRUE,"2",TRUE
"94","rs365990","G","A","G","A",-0.0166463,-0.01859,0.369482,0.346565,FALSE,FALSE,FALSE,"7",0.0102588,184305,60801,123504,0.0699706,"log odds","Coronary heart disease || id:7","CARDIoGRAMplusC4D",2015,26343387,"Disease","Cardiovascular","Coronary heart disease","Coronary heart disease || CARDIoGRAMplusC4D || 2015",TRUE,"mrbase",NA,NA,NA,NA,NA,NA,NA,"UKB-a:360",0.00254437,6.06259e-11,317754,0,0,"NA","Systolic blood pressure  automated reading || id:UKB-a:360","reported","mrbase",TRUE,"2",TRUE
"95","rs3781885","T","C","T","C",-0.014677,-0.013422,0.312544,0.286412,FALSE,FALSE,FALSE,"7",0.01045,184305,60801,123504,0.1990012,"log odds","Coronary heart disease || id:7","CARDIoGRAMplusC4D",2015,26343387,"Disease","Cardiovascular","Coronary heart disease","Coronary heart disease || CARDIoGRAMplusC4D || 2015",TRUE,"mrbase",NA,NA,NA,NA,NA,NA,NA,"UKB-a:360",0.00265395,3.20074e-08,317754,0,0,"NA","Systolic blood pressure  automated reading || id:UKB-a:360","reported","mrbase",TRUE,"2",TRUE
"96","rs3790604","A","C","A","C",0.0365493,0.013787,0.073854,0.095292,FALSE,FALSE,FALSE,"7",0.0161454,184305,60801,123504,0.3931437,"log odds","Coronary heart disease || id:7","CARDIoGRAMplusC4D",2015,26343387,"Disease","Cardiovascular","Coronary heart disease","Coronary heart disease || CARDIoGRAMplusC4D || 2015",TRUE,"mrbase",NA,NA,NA,NA,NA,NA,NA,"UKB-a:360",0.00471168,8.71049e-15,317754,0,0,"NA","Systolic blood pressure  automated reading || id:UKB-a:360","reported","mrbase",TRUE,"2",TRUE
"97","rs3796205","C","G","C","G",-0.0172564,-0.015704,0.351128,0.366247,FALSE,TRUE,FALSE,"7",0.0096527,184305,60801,123504,0.1037567,"log odds","Coronary heart disease || id:7","CARDIoGRAMplusC4D",2015,26343387,"Disease","Cardiovascular","Coronary heart disease","Coronary heart disease || CARDIoGRAMplusC4D || 2015",TRUE,"mrbase",NA,NA,NA,NA,NA,NA,NA,"UKB-a:360",0.00258487,2.4608e-11,317754,0,0,"NA","Systolic blood pressure  automated reading || id:UKB-a:360","reported","mrbase",TRUE,"2",TRUE
"98","rs3817581","T","C","T","C",0.0185236,0.02159,0.493028,0.474337,FALSE,FALSE,FALSE,"7",0.0092964,184305,60801,123504,0.0202107,"log odds","Coronary heart disease || id:7","CARDIoGRAMplusC4D",2015,26343387,"Disease","Cardiovascular","Coronary heart disease","Coronary heart disease || CARDIoGRAMplusC4D || 2015",TRUE,"mrbase",NA,NA,NA,NA,NA,NA,NA,"UKB-a:360",0.0024628,5.43519e-14,317754,0,0,"NA","Systolic blood pressure  automated reading || id:UKB-a:360","reported","mrbase",TRUE,"2",TRUE
"99","rs3826537","G","A","G","A",0.0143161,-0.003678,0.427854,0.403891,FALSE,FALSE,FALSE,"7",0.0099568,184305,60801,123504,0.7118334,"log odds","Coronary heart disease || id:7","CARDIoGRAMplusC4D",2015,26343387,"Disease","Cardiovascular","Coronary heart disease","Coronary heart disease || CARDIoGRAMplusC4D || 2015",TRUE,"mrbase",NA,NA,NA,NA,NA,NA,NA,"UKB-a:360",0.00248513,8.38472e-09,317754,0,0,"NA","Systolic blood pressure  automated reading || id:UKB-a:360","reported","mrbase",TRUE,"2",TRUE
"100","rs4480845","C","T","C","T",-0.0199358,0.017265,0.639509,0.589131,FALSE,FALSE,FALSE,"7",0.0097961,184305,60801,123504,0.0779943,"log odds","Coronary heart disease || id:7","CARDIoGRAMplusC4D",2015,26343387,"Disease","Cardiovascular","Coronary heart disease","Coronary heart disease || CARDIoGRAMplusC4D || 2015",TRUE,"mrbase",NA,NA,NA,NA,NA,NA,NA,"UKB-a:360",0.00257828,1.05995e-14,317754,0,0,"NA","Systolic blood pressure  automated reading || id:UKB-a:360","reported","mrbase",TRUE,"2",TRUE
"101","rs4639796","A","G","A","G",0.0193279,-0.015151,0.159456,0.196615,FALSE,FALSE,FALSE,"7",0.0117166,184305,60801,123504,0.1959685,"log odds","Coronary heart disease || id:7","CARDIoGRAMplusC4D",2015,26343387,"Disease","Cardiovascular","Coronary heart disease","Coronary heart disease || CARDIoGRAMplusC4D || 2015",TRUE,"mrbase",NA,NA,NA,NA,NA,NA,NA,"UKB-a:360",0.0033558,8.44164e-09,317754,0,0,"NA","Systolic blood pressure  automated reading || id:UKB-a:360","reported","mrbase",TRUE,"2",TRUE
"102","rs4736135","T","C","T","C",-0.0169008,-0.00748,0.71422,0.702532,FALSE,FALSE,FALSE,"7",0.010639,184305,60801,123504,0.4820102,"log odds","Coronary heart disease || id:7","CARDIoGRAMplusC4D",2015,26343387,"Disease","Cardiovascular","Coronary heart disease","Coronary heart disease || CARDIoGRAMplusC4D || 2015",TRUE,"mrbase",NA,NA,NA,NA,NA,NA,NA,"UKB-a:360",0.00275145,8.13341e-10,317754,0,0,"NA","Systolic blood pressure  automated reading || id:UKB-a:360","reported","mrbase",TRUE,"2",TRUE
"103","rs4759062","T","C","T","C",-0.0152733,-0.018593,0.298453,0.314313,FALSE,FALSE,FALSE,"7",0.0101024,184305,60801,123504,0.0657013,"log odds","Coronary heart disease || id:7","CARDIoGRAMplusC4D",2015,26343387,"Disease","Cardiovascular","Coronary heart disease","Coronary heart disease || CARDIoGRAMplusC4D || 2015",TRUE,"mrbase",NA,NA,NA,NA,NA,NA,NA,"UKB-a:360",0.00269706,1.48929e-08,317754,0,0,"NA","Systolic blood pressure  automated reading || id:UKB-a:360","reported","mrbase",TRUE,"2",TRUE
"104","rs4767332","A","C","A","C",0.0153792,0.011638,0.581181,0.536648,FALSE,FALSE,FALSE,"7",0.0094832,184305,60801,123504,0.2197392,"log odds","Coronary heart disease || id:7","CARDIoGRAMplusC4D",2015,26343387,"Disease","Cardiovascular","Coronary heart disease","Coronary heart disease || CARDIoGRAMplusC4D || 2015",TRUE,"mrbase",NA,NA,NA,NA,NA,NA,NA,"UKB-a:360",0.00249916,7.57635e-10,317754,0,0,"NA","Systolic blood pressure  automated reading || id:UKB-a:360","reported","mrbase",TRUE,"2",TRUE
"105","rs4835266","C","T","C","T",-0.0148098,-0.034554,0.483575,0.49404,FALSE,FALSE,FALSE,"7",0.0099351,184305,60801,123504,0.0005052,"log odds","Coronary heart disease || id:7","CARDIoGRAMplusC4D",2015,26343387,"Disease","Cardiovascular","Coronary heart disease","Coronary heart disease || CARDIoGRAMplusC4D || 2015",TRUE,"mrbase",NA,NA,NA,NA,NA,NA,NA,"UKB-a:360",0.0024997,3.13281e-09,317754,0,0,"NA","Systolic blood pressure  automated reading || id:UKB-a:360","reported","mrbase",TRUE,"2",TRUE
"106","rs4843748","A","G","A","G",-0.0154899,-0.012176,0.6687,0.601351,FALSE,FALSE,FALSE,"7",0.0096635,184305,60801,123504,0.2076711,"log odds","Coronary heart disease || id:7","CARDIoGRAMplusC4D",2015,26343387,"Disease","Cardiovascular","Coronary heart disease","Coronary heart disease || CARDIoGRAMplusC4D || 2015",TRUE,"mrbase",NA,NA,NA,NA,NA,NA,NA,"UKB-a:360",0.00261938,3.3511e-09,317754,0,0,"NA","Systolic blood pressure  automated reading || id:UKB-a:360","reported","mrbase",TRUE,"2",TRUE
"107","rs488834","T","C","T","C",-0.0168734,-0.009214,0.766564,0.737169,FALSE,FALSE,FALSE,"7",0.0118393,184305,60801,123504,0.4364201,"log odds","Coronary heart disease || id:7","CARDIoGRAMplusC4D",2015,26343387,"Disease","Cardiovascular","Coronary heart disease","Coronary heart disease || CARDIoGRAMplusC4D || 2015",TRUE,"mrbase",NA,NA,NA,NA,NA,NA,NA,"UKB-a:360",0.00290407,6.24342e-09,317754,0,0,"NA","Systolic blood pressure  automated reading || id:UKB-a:360","reported","mrbase",TRUE,"2",TRUE
"108","rs4930676","T","C","T","C",-0.0243253,-0.028872,0.10783,0.127924,FALSE,FALSE,FALSE,"7",0.0137392,184305,60801,123504,0.0356036,"log odds","Coronary heart disease || id:7","CARDIoGRAMplusC4D",2015,26343387,"Disease","Cardiovascular","Coronary heart disease","Coronary heart disease || CARDIoGRAMplusC4D || 2015",TRUE,"mrbase",NA,NA,NA,NA,NA,NA,NA,"UKB-a:360",0.0039634,8.39283e-10,317754,0,0,"NA","Systolic blood pressure  automated reading || id:UKB-a:360","reported","mrbase",TRUE,"2",TRUE
"109","rs4932373","C","A","C","A",0.0285221,0.055054,0.326297,0.294017,FALSE,FALSE,FALSE,"7",0.0109171,184305,60801,123504,4.58e-07,"log odds","Coronary heart disease || id:7","CARDIoGRAMplusC4D",2015,26343387,"Disease","Cardiovascular","Coronary heart disease","Coronary heart disease || CARDIoGRAMplusC4D || 2015",TRUE,"mrbase",NA,NA,NA,NA,NA,NA,NA,"UKB-a:360",0.00262134,1.44014e-27,317754,0,0,"NA","Systolic blood pressure  automated reading || id:UKB-a:360","reported","mrbase",TRUE,"2",TRUE
"110","rs4937515","C","G","C","G",-0.0202334,-0.007526,0.594982,0.584428,FALSE,TRUE,FALSE,"7",0.0102784,184305,60801,123504,0.4640357,"log odds","Coronary heart disease || id:7","CARDIoGRAMplusC4D",2015,26343387,"Disease","Cardiovascular","Coronary heart disease","Coronary heart disease || CARDIoGRAMplusC4D || 2015",TRUE,"mrbase",NA,NA,NA,NA,NA,NA,NA,"UKB-a:360",0.00252271,1.05667e-15,317754,0,0,"NA","Systolic blood pressure  automated reading || id:UKB-a:360","reported","mrbase",TRUE,"2",TRUE
"111","rs55857306","A","G","A","G",-0.0437583,-0.023194,0.163974,0.149466,FALSE,FALSE,FALSE,"7",0.0128137,184305,60801,123504,0.070282,"log odds","Coronary heart disease || id:7","CARDIoGRAMplusC4D",2015,26343387,"Disease","Cardiovascular","Coronary heart disease","Coronary heart disease || CARDIoGRAMplusC4D || 2015",TRUE,"mrbase",NA,NA,NA,NA,NA,NA,NA,"UKB-a:360",0.00332337,1.39427e-39,317754,0,0,"NA","Systolic blood pressure  automated reading || id:UKB-a:360","reported","mrbase",TRUE,"2",TRUE
"112","rs55925664","A","T","A","T",0.0256813,0.031616,0.185723,0.18255,FALSE,TRUE,FALSE,"7",0.0121402,184305,60801,123504,0.0092081,"log odds","Coronary heart disease || id:7","CARDIoGRAMplusC4D",2015,26343387,"Disease","Cardiovascular","Coronary heart disease","Coronary heart disease || CARDIoGRAMplusC4D || 2015",TRUE,"mrbase",NA,NA,NA,NA,NA,NA,NA,"UKB-a:360",0.00316024,4.43938e-16,317754,0,0,"NA","Systolic blood pressure  automated reading || id:UKB-a:360","reported","mrbase",TRUE,"2",TRUE
"113","rs56092448","T","C","T","C",0.0222382,0.011227,0.114447,0.106693,FALSE,FALSE,FALSE,"7",0.016393,184305,60801,123504,0.4934294,"log odds","Coronary heart disease || id:7","CARDIoGRAMplusC4D",2015,26343387,"Disease","Cardiovascular","Coronary heart disease","Coronary heart disease || CARDIoGRAMplusC4D || 2015",TRUE,"mrbase",NA,NA,NA,NA,NA,NA,NA,"UKB-a:360",0.00385896,8.28284e-09,317754,0,0,"NA","Systolic blood pressure  automated reading || id:UKB-a:360","reported","mrbase",TRUE,"2",TRUE
"114","rs57301765","A","G","A","G",0.0246655,0.069679,0.154163,0.205569,FALSE,FALSE,FALSE,"7",0.0112604,184305,60801,123504,6.09e-10,"log odds","Coronary heart disease || id:7","CARDIoGRAMplusC4D",2015,26343387,"Disease","Cardiovascular","Coronary heart disease","Coronary heart disease || CARDIoGRAMplusC4D || 2015",TRUE,"mrbase",NA,NA,NA,NA,NA,NA,NA,"UKB-a:360",0.00339001,3.44772e-13,317754,0,0,"NA","Systolic blood pressure  automated reading || id:UKB-a:360","reported","mrbase",TRUE,"2",TRUE
"115","rs57946343","C","T","C","T",-0.0295296,-0.013962,0.15191,0.124307,FALSE,FALSE,FALSE,"7",0.014958,184305,60801,123504,0.3506081,"log odds","Coronary heart disease || id:7","CARDIoGRAMplusC4D",2015,26343387,"Disease","Cardiovascular","Coronary heart disease","Coronary heart disease || CARDIoGRAMplusC4D || 2015",TRUE,"mrbase",NA,NA,NA,NA,NA,NA,NA,"UKB-a:360",0.00342585,6.74554e-18,317754,0,0,"NA","Systolic blood pressure  automated reading || id:UKB-a:360","reported","mrbase",TRUE,"2",TRUE
"116","rs6026742","A","G","A","G",0.0315685,0.052008,0.117761,0.121922,FALSE,FALSE,FALSE,"7",0.0145974,184305,60801,123504,0.0003669,"log odds","Coronary heart disease || id:7","CARDIoGRAMplusC4D",2015,26343387,"Disease","Cardiovascular","Coronary heart disease","Coronary heart disease || CARDIoGRAMplusC4D || 2015",TRUE,"mrbase",NA,NA,NA,NA,NA,NA,NA,"UKB-a:360",0.00383307,1.78965e-16,317754,0,0,"NA","Systolic blood pressure  automated reading || id:UKB-a:360","reported","mrbase",TRUE,"2",TRUE
"117","rs6031400","T","C","T","C",0.0193023,0.014186,0.160422,0.158005,FALSE,FALSE,FALSE,"7",0.0129528,184305,60801,123504,0.2734251,"log odds","Coronary heart disease || id:7","CARDIoGRAMplusC4D",2015,26343387,"Disease","Cardiovascular","Coronary heart disease","Coronary heart disease || CARDIoGRAMplusC4D || 2015",TRUE,"mrbase",NA,NA,NA,NA,NA,NA,NA,"UKB-a:360",0.00336629,9.81737e-09,317754,0,0,"NA","Systolic blood pressure  automated reading || id:UKB-a:360","reported","mrbase",TRUE,"2",TRUE
"118","rs604723","C","T","C","T",0.0339376,0.032703,0.724339,0.6881,FALSE,FALSE,FALSE,"7",0.0100926,184305,60801,123504,0.0011941,"log odds","Coronary heart disease || id:7","CARDIoGRAMplusC4D",2015,26343387,"Disease","Cardiovascular","Coronary heart disease","Coronary heart disease || CARDIoGRAMplusC4D || 2015",TRUE,"mrbase",NA,NA,NA,NA,NA,NA,NA,"UKB-a:360",0.00276968,1.64266e-34,317754,0,0,"NA","Systolic blood pressure  automated reading || id:UKB-a:360","reported","mrbase",TRUE,"2",TRUE
"119","rs60691990","C","T","C","T",-0.0196751,-0.004332,0.342781,0.280211,FALSE,FALSE,FALSE,"7",0.0105869,184305,60801,123504,0.682403,"log odds","Coronary heart disease || id:7","CARDIoGRAMplusC4D",2015,26343387,"Disease","Cardiovascular","Coronary heart disease","Coronary heart disease || CARDIoGRAMplusC4D || 2015",TRUE,"mrbase",NA,NA,NA,NA,NA,NA,NA,"UKB-a:360",0.00260367,4.14663e-14,317754,0,0,"NA","Systolic blood pressure  automated reading || id:UKB-a:360","reported","mrbase",TRUE,"2",TRUE
"120","rs62368019","C","T","C","T",0.0159658,0.002846,0.290266,0.26786,FALSE,FALSE,FALSE,"7",0.0104804,184305,60801,123504,0.7859648,"log odds","Coronary heart disease || id:7","CARDIoGRAMplusC4D",2015,26343387,"Disease","Cardiovascular","Coronary heart disease","Coronary heart disease || CARDIoGRAMplusC4D || 2015",TRUE,"mrbase",NA,NA,NA,NA,NA,NA,NA,"UKB-a:360",0.00271396,4.03652e-09,317754,0,0,"NA","Systolic blood pressure  automated reading || id:UKB-a:360","reported","mrbase",TRUE,"2",TRUE
"121","rs62434129","T","A","T","A",-0.0304842,-0.051323,0.0714637,0.080546,FALSE,TRUE,FALSE,"7",0.0163985,184305,60801,123504,0.0017496,"log odds","Coronary heart disease || id:7","CARDIoGRAMplusC4D",2015,26343387,"Disease","Cardiovascular","Coronary heart disease","Coronary heart disease || CARDIoGRAMplusC4D || 2015",TRUE,"mrbase",NA,NA,NA,NA,NA,NA,NA,"UKB-a:360",0.00478112,1.82089e-10,317754,0,0,"NA","Systolic blood pressure  automated reading || id:UKB-a:360","reported","mrbase",TRUE,"2",TRUE
"122","rs62481856","A","G","A","G",0.0438786,0.017222,0.196947,0.212492,FALSE,FALSE,FALSE,"7",0.0111387,184305,60801,123504,0.1220704,"log odds","Coronary heart disease || id:7","CARDIoGRAMplusC4D",2015,26343387,"Disease","Cardiovascular","Coronary heart disease","Coronary heart disease || CARDIoGRAMplusC4D || 2015",TRUE,"mrbase",NA,NA,NA,NA,NA,NA,NA,"UKB-a:360",0.0030902,9.56081e-46,317754,0,0,"NA","Systolic blood pressure  automated reading || id:UKB-a:360","reported","mrbase",TRUE,"2",TRUE
"123","rs6271","T","C","T","C",-0.0288562,-0.056874,0.0738377,0.058735,FALSE,FALSE,FALSE,"7",0.0262075,184305,60801,123504,0.0299964,"log odds","Coronary heart disease || id:7","CARDIoGRAMplusC4D",2015,26343387,"Disease","Cardiovascular","Coronary heart disease","Coronary heart disease || CARDIoGRAMplusC4D || 2015",TRUE,"mrbase",NA,NA,NA,NA,NA,NA,NA,"UKB-a:360",0.00469938,8.23987e-10,317754,0,0,"NA","Systolic blood pressure  automated reading || id:UKB-a:360","reported","mrbase",TRUE,"2",TRUE
"124","rs6461992","G","A","G","A",0.0355009,-0.00892,0.926979,0.890116,FALSE,FALSE,FALSE,"7",0.0172088,184305,60801,123504,0.6042218,"log odds","Coronary heart disease || id:7","CARDIoGRAMplusC4D",2015,26343387,"Disease","Cardiovascular","Coronary heart disease","Coronary heart disease || CARDIoGRAMplusC4D || 2015",TRUE,"mrbase",NA,NA,NA,NA,NA,NA,NA,"UKB-a:360",0.00473029,6.15809e-14,317754,0,0,"NA","Systolic blood pressure  automated reading || id:UKB-a:360","reported","mrbase",TRUE,"2",TRUE
"125","rs6504213","C","T","C","T",0.01545,0.039879,0.591769,0.553525,FALSE,FALSE,FALSE,"7",0.0100513,184305,60801,123504,7.26e-05,"log odds","Coronary heart disease || id:7","CARDIoGRAMplusC4D",2015,26343387,"Disease","Cardiovascular","Coronary heart disease","Coronary heart disease || CARDIoGRAMplusC4D || 2015",TRUE,"mrbase",NA,NA,NA,NA,NA,NA,NA,"UKB-a:360",0.00250735,7.19676e-10,317754,0,0,"NA","Systolic blood pressure  automated reading || id:UKB-a:360","reported","mrbase",TRUE,"2",TRUE
"126","rs6544667","T","C","T","C",-0.0139255,0.014123,0.383035,0.353293,FALSE,FALSE,FALSE,"7",0.0097895,184305,60801,123504,0.1491155,"log odds","Coronary heart disease || id:7","CARDIoGRAMplusC4D",2015,26343387,"Disease","Cardiovascular","Coronary heart disease","Coronary heart disease || CARDIoGRAMplusC4D || 2015",TRUE,"mrbase",NA,NA,NA,NA,NA,NA,NA,"UKB-a:360",0.00253236,3.82231e-08,317754,0,0,"NA","Systolic blood pressure  automated reading || id:UKB-a:360","reported","mrbase",TRUE,"2",TRUE
"127","rs6690557","G","T","G","T",-0.015112,-0.011546,0.284079,0.292507,FALSE,FALSE,FALSE,"7",0.0100242,184305,60801,123504,0.2493969,"log odds","Coronary heart disease || id:7","CARDIoGRAMplusC4D",2015,26343387,"Disease","Cardiovascular","Coronary heart disease","Coronary heart disease || CARDIoGRAMplusC4D || 2015",TRUE,"mrbase",NA,NA,NA,NA,NA,NA,NA,"UKB-a:360",0.00272795,3.03231e-08,317754,0,0,"NA","Systolic blood pressure  automated reading || id:UKB-a:360","reported","mrbase",TRUE,"2",TRUE
"128","rs6732308","G","A","G","A",-0.0182283,-0.007772,0.208384,0.211703,FALSE,FALSE,FALSE,"7",0.0116742,184305,60801,123504,0.5055774,"log odds","Coronary heart disease || id:7","CARDIoGRAMplusC4D",2015,26343387,"Disease","Cardiovascular","Coronary heart disease","Coronary heart disease || CARDIoGRAMplusC4D || 2015",TRUE,"mrbase",NA,NA,NA,NA,NA,NA,NA,"UKB-a:360",0.00304623,2.18118e-09,317754,0,0,"NA","Systolic blood pressure  automated reading || id:UKB-a:360","reported","mrbase",TRUE,"2",TRUE
"129","rs6733889","C","T","C","T",-0.0150482,-0.007959,0.623065,0.576292,FALSE,FALSE,FALSE,"7",0.0097222,184305,60801,123504,0.4129902,"log odds","Coronary heart disease || id:7","CARDIoGRAMplusC4D",2015,26343387,"Disease","Cardiovascular","Coronary heart disease","Coronary heart disease || CARDIoGRAMplusC4D || 2015",TRUE,"mrbase",NA,NA,NA,NA,NA,NA,NA,"UKB-a:360",0.00253665,2.99034e-09,317754,0,0,"NA","Systolic blood pressure  automated reading || id:UKB-a:360","reported","mrbase",TRUE,"2",TRUE
"130","rs6734118","A","C","A","C",-0.0189561,-0.007573,0.2163,0.277222,FALSE,FALSE,FALSE,"7",0.0104131,184305,60801,123504,0.4670669,"log odds","Coronary heart disease || id:7","CARDIoGRAMplusC4D",2015,26343387,"Disease","Cardiovascular","Coronary heart disease","Coronary heart disease || CARDIoGRAMplusC4D || 2015",TRUE,"mrbase",NA,NA,NA,NA,NA,NA,NA,"UKB-a:360",0.00299291,2.39728e-10,317754,0,0,"NA","Systolic blood pressure  automated reading || id:UKB-a:360","reported","mrbase",TRUE,"2",TRUE
"131","rs6768542","A","G","A","G",-0.0205414,-0.001345,0.158366,0.170204,FALSE,FALSE,FALSE,"7",0.0125498,184305,60801,123504,0.9146515,"log odds","Coronary heart disease || id:7","CARDIoGRAMplusC4D",2015,26343387,"Disease","Cardiovascular","Coronary heart disease","Coronary heart disease || CARDIoGRAMplusC4D || 2015",TRUE,"mrbase",NA,NA,NA,NA,NA,NA,NA,"UKB-a:360",0.00339517,1.44843e-09,317754,0,0,"NA","Systolic blood pressure  automated reading || id:UKB-a:360","reported","mrbase",TRUE,"2",TRUE
"132","rs6911827","T","C","T","C",0.0146853,0.005363,0.454272,0.493649,FALSE,FALSE,FALSE,"7",0.0094365,184305,60801,123504,0.5698141,"log odds","Coronary heart disease || id:7","CARDIoGRAMplusC4D",2015,26343387,"Disease","Cardiovascular","Coronary heart disease","Coronary heart disease || CARDIoGRAMplusC4D || 2015",TRUE,"mrbase",NA,NA,NA,NA,NA,NA,NA,"UKB-a:360",0.00247006,2.7619e-09,317754,0,0,"NA","Systolic blood pressure  automated reading || id:UKB-a:360","reported","mrbase",TRUE,"2",TRUE
"133","rs691830","G","A","G","A",0.0169409,0.01124,0.476818,0.478974,FALSE,FALSE,FALSE,"7",0.0093203,184305,60801,123504,0.2278274,"log odds","Coronary heart disease || id:7","CARDIoGRAMplusC4D",2015,26343387,"Disease","Cardiovascular","Coronary heart disease","Coronary heart disease || CARDIoGRAMplusC4D || 2015",TRUE,"mrbase",NA,NA,NA,NA,NA,NA,NA,"UKB-a:360",0.00246289,6.06225e-12,317754,0,0,"NA","Systolic blood pressure  automated reading || id:UKB-a:360","reported","mrbase",TRUE,"2",TRUE
"134","rs6983129","A","C","A","C",-0.0197987,0.005824,0.522069,0.469922,FALSE,FALSE,FALSE,"7",0.0096516,184305,60801,123504,0.5462264,"log odds","Coronary heart disease || id:7","CARDIoGRAMplusC4D",2015,26343387,"Disease","Cardiovascular","Coronary heart disease","Coronary heart disease || CARDIoGRAMplusC4D || 2015",TRUE,"mrbase",NA,NA,NA,NA,NA,NA,NA,"UKB-a:360",0.00247881,1.38537e-15,317754,0,0,"NA","Systolic blood pressure  automated reading || id:UKB-a:360","reported","mrbase",TRUE,"2",TRUE
"135","rs709668","G","A","G","A",0.0178303,0.02692,0.797922,0.762044,FALSE,FALSE,FALSE,"7",0.0112115,184305,60801,123504,0.0163454,"log odds","Coronary heart disease || id:7","CARDIoGRAMplusC4D",2015,26343387,"Disease","Cardiovascular","Coronary heart disease","Coronary heart disease || CARDIoGRAMplusC4D || 2015",TRUE,"mrbase",NA,NA,NA,NA,NA,NA,NA,"UKB-a:360",0.00307223,6.49327e-09,317754,0,0,"NA","Systolic blood pressure  automated reading || id:UKB-a:360","reported","mrbase",TRUE,"2",TRUE
"136","rs7123754","C","T","C","T",-0.018002,-0.016381,0.327459,0.341467,FALSE,FALSE,FALSE,"7",0.0097504,184305,60801,123504,0.0929518,"log odds","Coronary heart disease || id:7","CARDIoGRAMplusC4D",2015,26343387,"Disease","Cardiovascular","Coronary heart disease","Coronary heart disease || CARDIoGRAMplusC4D || 2015",TRUE,"mrbase",NA,NA,NA,NA,NA,NA,NA,"UKB-a:360",0.00262215,6.64484e-12,317754,0,0,"NA","Systolic blood pressure  automated reading || id:UKB-a:360","reported","mrbase",TRUE,"2",TRUE
"137","rs71654213","T","C","T","C",-0.0171289,0.022532,0.38459,0.315809,FALSE,FALSE,FALSE,"7",0.0108324,184305,60801,123504,0.0375198,"log odds","Coronary heart disease || id:7","CARDIoGRAMplusC4D",2015,26343387,"Disease","Cardiovascular","Coronary heart disease","Coronary heart disease || CARDIoGRAMplusC4D || 2015",TRUE,"mrbase",NA,NA,NA,NA,NA,NA,NA,"UKB-a:360",0.00255382,1.98733e-11,317754,0,0,"NA","Systolic blood pressure  automated reading || id:UKB-a:360","reported","mrbase",TRUE,"2",TRUE
"138","rs7200432","A","G","A","G",-0.0190742,-0.010869,0.299598,0.295351,FALSE,FALSE,FALSE,"7",0.0101426,184305,60801,123504,0.2838903,"log odds","Coronary heart disease || id:7","CARDIoGRAMplusC4D",2015,26343387,"Disease","Cardiovascular","Coronary heart disease","Coronary heart disease || CARDIoGRAMplusC4D || 2015",TRUE,"mrbase",NA,NA,NA,NA,NA,NA,NA,"UKB-a:360",0.00269314,1.41864e-12,317754,0,0,"NA","Systolic blood pressure  automated reading || id:UKB-a:360","reported","mrbase",TRUE,"2",TRUE
"139","rs73046792","A","G","A","G",-0.0243641,-0.016346,0.165198,0.127839,FALSE,FALSE,FALSE,"7",0.0163289,184305,60801,123504,0.3168049,"log odds","Coronary heart disease || id:7","CARDIoGRAMplusC4D",2015,26343387,"Disease","Cardiovascular","Coronary heart disease","Coronary heart disease || CARDIoGRAMplusC4D || 2015",TRUE,"mrbase",NA,NA,NA,NA,NA,NA,NA,"UKB-a:360",0.00330697,1.7425e-13,317754,0,0,"NA","Systolic blood pressure  automated reading || id:UKB-a:360","reported","mrbase",TRUE,"2",TRUE
"140","rs73098804","A","T","A","T",0.0211413,0.014619,0.129962,0.137879,FALSE,TRUE,FALSE,"7",0.0133384,184305,60801,123504,0.2730753,"log odds","Coronary heart disease || id:7","CARDIoGRAMplusC4D",2015,26343387,"Disease","Cardiovascular","Coronary heart disease","Coronary heart disease || CARDIoGRAMplusC4D || 2015",TRUE,"mrbase",NA,NA,NA,NA,NA,NA,NA,"UKB-a:360",0.00368759,9.87102e-09,317754,0,0,"NA","Systolic blood pressure  automated reading || id:UKB-a:360","reported","mrbase",TRUE,"2",TRUE
"141","rs73437338","C","T","C","T",-0.0376464,0.065802,0.166798,0.18328,FALSE,FALSE,FALSE,"7",0.0118068,184305,60801,123504,2.5e-08,"log odds","Coronary heart disease || id:7","CARDIoGRAMplusC4D",2015,26343387,"Disease","Cardiovascular","Coronary heart disease","Coronary heart disease || CARDIoGRAMplusC4D || 2015",TRUE,"mrbase",NA,NA,NA,NA,NA,NA,NA,"UKB-a:360",0.00330752,5.20695e-30,317754,0,0,"NA","Systolic blood pressure  automated reading || id:UKB-a:360","reported","mrbase",TRUE,"2",TRUE
"142","rs73563812","T","G","T","G",-0.0210592,-0.020175,0.235901,0.247171,FALSE,FALSE,FALSE,"7",0.0106564,184305,60801,123504,0.0583272,"log odds","Coronary heart disease || id:7","CARDIoGRAMplusC4D",2015,26343387,"Disease","Cardiovascular","Coronary heart disease","Coronary heart disease || CARDIoGRAMplusC4D || 2015",TRUE,"mrbase",NA,NA,NA,NA,NA,NA,NA,"UKB-a:360",0.00290023,3.84504e-13,317754,0,0,"NA","Systolic blood pressure  automated reading || id:UKB-a:360","reported","mrbase",TRUE,"2",TRUE
"143","rs743395","T","C","T","C",0.0146125,0.010726,0.374686,0.370048,FALSE,FALSE,FALSE,"7",0.0100122,184305,60801,123504,0.2840389,"log odds","Coronary heart disease || id:7","CARDIoGRAMplusC4D",2015,26343387,"Disease","Cardiovascular","Coronary heart disease","Coronary heart disease || CARDIoGRAMplusC4D || 2015",TRUE,"mrbase",NA,NA,NA,NA,NA,NA,NA,"UKB-a:360",0.00258504,1.5806e-08,317754,0,0,"NA","Systolic blood pressure  automated reading || id:UKB-a:360","reported","mrbase",TRUE,"2",TRUE
"144","rs7439366","C","T","C","T",0.015315,-0.000128,0.454524,0.420089,FALSE,FALSE,FALSE,"7",0.010236,184305,60801,123504,0.9900228,"log odds","Coronary heart disease || id:7","CARDIoGRAMplusC4D",2015,26343387,"Disease","Cardiovascular","Coronary heart disease","Coronary heart disease || CARDIoGRAMplusC4D || 2015",TRUE,"mrbase",NA,NA,NA,NA,NA,NA,NA,"UKB-a:360",0.00246862,5.51616e-10,317754,0,0,"NA","Systolic blood pressure  automated reading || id:UKB-a:360","reported","mrbase",TRUE,"2",TRUE
"145","rs75391241","G","A","G","A",0.0281575,0.015367,0.0720761,0.067818,FALSE,FALSE,FALSE,"7",0.0191174,184305,60801,123504,0.4214996,"log odds","Coronary heart disease || id:7","CARDIoGRAMplusC4D",2015,26343387,"Disease","Cardiovascular","Coronary heart disease","Coronary heart disease || CARDIoGRAMplusC4D || 2015",TRUE,"mrbase",NA,NA,NA,NA,NA,NA,NA,"UKB-a:360",0.00476084,3.33448e-09,317754,0,0,"NA","Systolic blood pressure  automated reading || id:UKB-a:360","reported","mrbase",TRUE,"2",TRUE
"146","rs75989961","G","T","G","T",0.024792,0.031162,0.0816417,0.068414,FALSE,FALSE,FALSE,"7",0.0215528,184305,60801,123504,0.1482216,"log odds","Coronary heart disease || id:7","CARDIoGRAMplusC4D",2015,26343387,"Disease","Cardiovascular","Coronary heart disease","Coronary heart disease || CARDIoGRAMplusC4D || 2015",TRUE,"mrbase",NA,NA,NA,NA,NA,NA,NA,"UKB-a:360",0.0044933,3.44029e-08,317754,0,0,"NA","Systolic blood pressure  automated reading || id:UKB-a:360","reported","mrbase",TRUE,"2",TRUE
"147","rs7753358","A","T","A","T",0.0144394,-0.027643,0.487051,0.499845,FALSE,TRUE,TRUE,"7",0.0094865,184305,60801,123504,0.003569,"log odds","Coronary heart disease || id:7","CARDIoGRAMplusC4D",2015,26343387,"Disease","Cardiovascular","Coronary heart disease","Coronary heart disease || CARDIoGRAMplusC4D || 2015",TRUE,"mrbase",NA,NA,NA,NA,NA,NA,NA,"UKB-a:360",0.00250277,7.96549e-09,317754,0,0,"NA","Systolic blood pressure  automated reading || id:UKB-a:360","reported","mrbase",TRUE,"2",FALSE
"148","rs7765526","G","A","G","A",-0.0141919,0.000281,0.541864,0.507614,FALSE,FALSE,FALSE,"7",0.0096646,184305,60801,123504,0.9768047,"log odds","Coronary heart disease || id:7","CARDIoGRAMplusC4D",2015,26343387,"Disease","Cardiovascular","Coronary heart disease","Coronary heart disease || CARDIoGRAMplusC4D || 2015",TRUE,"mrbase",NA,NA,NA,NA,NA,NA,NA,"UKB-a:360",0.00249562,1.29612e-08,317754,0,0,"NA","Systolic blood pressure  automated reading || id:UKB-a:360","reported","mrbase",TRUE,"2",TRUE
"149","rs77870048","T","C","T","C",0.0544511,0.014371,0.0532104,0.048118,FALSE,FALSE,FALSE,"7",0.0304473,184305,60801,123504,0.6369296,"log odds","Coronary heart disease || id:7","CARDIoGRAMplusC4D",2015,26343387,"Disease","Cardiovascular","Coronary heart disease","Coronary heart disease || CARDIoGRAMplusC4D || 2015",TRUE,"mrbase",NA,NA,NA,NA,NA,NA,NA,"UKB-a:360",0.00549938,4.14038e-23,317754,0,0,"NA","Systolic blood pressure  automated reading || id:UKB-a:360","reported","mrbase",TRUE,"2",TRUE
"150","rs7798991","C","T","C","T",0.0157002,0.017014,0.262473,0.289057,FALSE,FALSE,FALSE,"7",0.0101165,184305,60801,123504,0.0926065,"log odds","Coronary heart disease || id:7","CARDIoGRAMplusC4D",2015,26343387,"Disease","Cardiovascular","Coronary heart disease","Coronary heart disease || CARDIoGRAMplusC4D || 2015",TRUE,"mrbase",NA,NA,NA,NA,NA,NA,NA,"UKB-a:360",0.00279878,2.02881e-08,317754,0,0,"NA","Systolic blood pressure  automated reading || id:UKB-a:360","reported","mrbase",TRUE,"2",TRUE
"151","rs78473917","C","T","C","T",-0.0190052,-0.051581,0.148716,0.137575,FALSE,FALSE,FALSE,"7",0.0133884,184305,60801,123504,0.0001168,"log odds","Coronary heart disease || id:7","CARDIoGRAMplusC4D",2015,26343387,"Disease","Cardiovascular","Coronary heart disease","Coronary heart disease || CARDIoGRAMplusC4D || 2015",TRUE,"mrbase",NA,NA,NA,NA,NA,NA,NA,"UKB-a:360",0.00346206,4.03237e-08,317754,0,0,"NA","Systolic blood pressure  automated reading || id:UKB-a:360","reported","mrbase",TRUE,"2",TRUE
"152","rs786910","G","C","G","C",-0.0163348,-0.006842,0.588893,0.611295,FALSE,TRUE,FALSE,"7",0.0095158,184305,60801,123504,0.4721317,"log odds","Coronary heart disease || id:7","CARDIoGRAMplusC4D",2015,26343387,"Disease","Cardiovascular","Coronary heart disease","Coronary heart disease || CARDIoGRAMplusC4D || 2015",TRUE,"mrbase",NA,NA,NA,NA,NA,NA,NA,"UKB-a:360",0.00249865,6.26778e-11,317754,0,0,"NA","Systolic blood pressure  automated reading || id:UKB-a:360","reported","mrbase",TRUE,"2",TRUE
"153","rs78744936","A","G","A","G",0.0162054,-0.020073,0.268915,0.232645,FALSE,FALSE,FALSE,"7",0.0119675,184305,60801,123504,0.093486,"log odds","Coronary heart disease || id:7","CARDIoGRAMplusC4D",2015,26343387,"Disease","Cardiovascular","Coronary heart disease","Coronary heart disease || CARDIoGRAMplusC4D || 2015",TRUE,"mrbase",NA,NA,NA,NA,NA,NA,NA,"UKB-a:360",0.002794,6.63454e-09,317754,0,0,"NA","Systolic blood pressure  automated reading || id:UKB-a:360","reported","mrbase",TRUE,"2",TRUE
"154","rs79349366","T","C","T","C",-0.0407555,0.026636,0.0325194,0.027624,FALSE,FALSE,FALSE,"7",0.0350585,184305,60801,123504,0.4473993,"log odds","Coronary heart disease || id:7","CARDIoGRAMplusC4D",2015,26343387,"Disease","Cardiovascular","Coronary heart disease","Coronary heart disease || CARDIoGRAMplusC4D || 2015",TRUE,"mrbase",NA,NA,NA,NA,NA,NA,NA,"UKB-a:360",0.00699758,5.74302e-09,317754,0,0,"NA","Systolic blood pressure  automated reading || id:UKB-a:360","reported","mrbase",TRUE,"2",TRUE
"155","rs7938342","A","T","A","T",0.0254576,0.009678,0.583824,0.577672,FALSE,TRUE,TRUE,"7",0.0103902,184305,60801,123504,0.3516207,"log odds","Coronary heart disease || id:7","CARDIoGRAMplusC4D",2015,26343387,"Disease","Cardiovascular","Coronary heart disease","Coronary heart disease || CARDIoGRAMplusC4D || 2015",TRUE,"mrbase",NA,NA,NA,NA,NA,NA,NA,"UKB-a:360",0.00250027,2.40807e-24,317754,0,0,"NA","Systolic blood pressure  automated reading || id:UKB-a:360","reported","mrbase",TRUE,"2",FALSE
"156","rs79621605","C","T","C","T",-0.0373893,-0.029131,0.0344396,0.033119,FALSE,FALSE,FALSE,"7",0.0275024,184305,60801,123504,0.2895009,"log odds","Coronary heart disease || id:7","CARDIoGRAMplusC4D",2015,26343387,"Disease","Cardiovascular","Coronary heart disease","Coronary heart disease || CARDIoGRAMplusC4D || 2015",TRUE,"mrbase",NA,NA,NA,NA,NA,NA,NA,"UKB-a:360",0.00680098,3.85215e-08,317754,0,0,"NA","Systolic blood pressure  automated reading || id:UKB-a:360","reported","mrbase",TRUE,"2",TRUE
"157","rs8121509","C","T","C","T",-0.0156706,-0.022865,0.452031,0.437187,FALSE,FALSE,FALSE,"7",0.0104065,184305,60801,123504,0.0280079,"log odds","Coronary heart disease || id:7","CARDIoGRAMplusC4D",2015,26343387,"Disease","Cardiovascular","Coronary heart disease","Coronary heart disease || CARDIoGRAMplusC4D || 2015",TRUE,"mrbase",NA,NA,NA,NA,NA,NA,NA,"UKB-a:360",0.00247145,2.29132e-10,317754,0,0,"NA","Systolic blood pressure  automated reading || id:UKB-a:360","reported","mrbase",TRUE,"2",TRUE
"158","rs891511","A","G","A","G",-0.0179671,-0.021363,0.319374,0.370299,FALSE,FALSE,FALSE,"7",0.0108617,184305,60801,123504,0.0492039,"log odds","Coronary heart disease || id:7","CARDIoGRAMplusC4D",2015,26343387,"Disease","Cardiovascular","Coronary heart disease","Coronary heart disease || CARDIoGRAMplusC4D || 2015",TRUE,"mrbase",NA,NA,NA,NA,NA,NA,NA,"UKB-a:360",0.00266603,1.59449e-11,317754,0,0,"NA","Systolic blood pressure  automated reading || id:UKB-a:360","reported","mrbase",TRUE,"2",TRUE
"159","rs9294987","C","T","C","T",0.0138564,-0.023938,0.502206,0.42643,FALSE,FALSE,FALSE,"7",0.0101317,184305,60801,123504,0.0181433,"log odds","Coronary heart disease || id:7","CARDIoGRAMplusC4D",2015,26343387,"Disease","Cardiovascular","Coronary heart disease","Coronary heart disease || CARDIoGRAMplusC4D || 2015",TRUE,"mrbase",NA,NA,NA,NA,NA,NA,NA,"UKB-a:360",0.00247928,2.28692e-08,317754,0,0,"NA","Systolic blood pressure  automated reading || id:UKB-a:360","reported","mrbase",TRUE,"2",TRUE
"160","rs9349379","G","A","G","A",-0.0138096,0.131836,0.404893,0.431606,FALSE,FALSE,FALSE,"7",0.0096527,184305,60801,123504,1.81e-42,"log odds","Coronary heart disease || id:7","CARDIoGRAMplusC4D",2015,26343387,"Disease","Cardiovascular","Coronary heart disease","Coronary heart disease || CARDIoGRAMplusC4D || 2015",TRUE,"mrbase",NA,NA,NA,NA,NA,NA,NA,"UKB-a:360",0.00250525,3.5456e-08,317754,0,0,"NA","Systolic blood pressure  automated reading || id:UKB-a:360","reported","mrbase",TRUE,"2",TRUE
"161","rs9385405","C","G","C","G",0.022515,0.004442,0.435707,0.441313,FALSE,TRUE,TRUE,"7",0.0092736,184305,60801,123504,0.6319412,"log odds","Coronary heart disease || id:7","CARDIoGRAMplusC4D",2015,26343387,"Disease","Cardiovascular","Coronary heart disease","Coronary heart disease || CARDIoGRAMplusC4D || 2015",TRUE,"mrbase",NA,NA,NA,NA,NA,NA,NA,"UKB-a:360",0.00247527,9.42791e-20,317754,0,0,"NA","Systolic blood pressure  automated reading || id:UKB-a:360","reported","mrbase",TRUE,"2",FALSE
"162","rs9476307","G","A","G","A",-0.0144025,-0.003183,0.410838,0.426441,FALSE,FALSE,FALSE,"7",0.0096809,184305,60801,123504,0.7423134,"log odds","Coronary heart disease || id:7","CARDIoGRAMplusC4D",2015,26343387,"Disease","Cardiovascular","Coronary heart disease","Coronary heart disease || CARDIoGRAMplusC4D || 2015",TRUE,"mrbase",TRUE,"rs9476307","rs9476331","G","A","A","C","UKB-a:360",0.00250325,8.74887e-09,317754,0,0,"NA","Systolic blood pressure  automated reading || id:UKB-a:360","reported","mrbase",TRUE,"2",TRUE
"163","rs9888615","C","T","C","T",0.0169538,0.016112,0.710967,0.690728,FALSE,FALSE,FALSE,"7",0.0102686,184305,60801,123504,0.1166346,"log odds","Coronary heart disease || id:7","CARDIoGRAMplusC4D",2015,26343387,"Disease","Cardiovascular","Coronary heart disease","Coronary heart disease || CARDIoGRAMplusC4D || 2015",TRUE,"mrbase",NA,NA,NA,NA,NA,NA,NA,"UKB-a:360",0.00272346,4.81858e-10,317754,0,0,"NA","Systolic blood pressure  automated reading || id:UKB-a:360","reported","mrbase",TRUE,"2",TRUE
